PassengerId,Survived,Age,Fare,Companion,Isalone,Title_Master,Title_Miss,Title_Mr,Title_Mrs,Title_Rare,Pclass_1,Pclass_2,Pclass_3,Sex_female,Sex_male,Embarked_C,Embarked_Q,Embarked_S,rands
864,0,0.35913546117114853,0.13575255909676823,11,0,False,True,False,False,False,False,False,True,True,False,False,False,True,0.2397978534387989
733,0,0.35913546117114853,0.0,1,1,False,False,True,False,False,False,True,False,False,True,False,False,True,0.9946208110403213
639,0,0.5099271173661724,0.07746484096553544,6,0,False,False,False,True,False,False,False,True,True,False,False,False,True,0.9489912357153127
16,1,0.6858507162603669,0.03122992013728673,1,1,False,False,False,True,False,False,True,False,True,False,False,False,True,0.2934872561021975
874,0,0.5853229454636844,0.017566830077223785,1,1,False,False,True,False,False,False,False,True,False,True,False,False,True,0.8749518687949501
330,1,0.19577783362653933,0.11316786160148591,2,0,False,True,False,False,False,True,False,False,True,False,True,False,False,0.8365955506049753
367,1,0.7486805730082935,0.14687821814567664,2,0,False,False,False,True,False,True,False,False,True,False,True,False,False,0.5705093733964259
58,0,0.35285247549635584,0.014110458666029575,1,1,False,False,True,False,False,False,False,True,False,True,True,False,False,0.7092528321948621
425,0,0.22090977632570996,0.039452172548431745,3,0,False,False,True,False,False,False,False,True,False,True,False,False,True,0.762493091157902
456,1,0.35913546117114853,0.015411575213749284,1,1,False,False,True,False,False,False,False,True,False,True,True,False,False,0.5313885343841215
246,0,0.5476250314149284,0.17566830077223786,3,0,False,False,False,False,True,True,False,False,False,True,False,True,False,0.3887341530026426
650,1,0.2837396330736366,0.014736618564782174,1,1,False,True,False,False,False,False,False,True,True,False,False,False,True,0.6374406090794543
852,0,0.9246041719024881,0.015175789316712771,1,1,False,False,True,False,False,False,False,True,False,True,False,False,True,0.8677734819537113
632,0,0.6355868308620256,0.013768881414528002,1,1,False,False,True,False,False,False,False,True,False,True,False,False,True,0.3079229454360549
299,1,0.35913546117114853,0.05953203526170282,1,1,False,False,True,False,False,True,False,False,False,True,False,False,True,0.4813700629506352
814,0,0.0701181201306861,0.06104473451835265,7,0,False,True,False,False,False,False,False,True,True,False,False,False,True,0.6419106606563436
296,0,0.35913546117114853,0.05410739813385612,1,1,False,False,True,False,False,True,False,False,False,True,True,False,False,0.817173809981737
18,1,0.35913546117114853,0.025374310111545468,1,1,False,False,True,False,False,False,True,False,False,True,False,False,True,0.46426408804015173
204,0,0.5664739884393063,0.014102260811993537,1,1,False,False,True,False,False,False,False,True,False,True,True,False,False,0.8322615939620673
486,0,0.35913546117114853,0.04970768794751499,5,0,False,True,False,False,False,False,False,True,True,False,False,False,True,0.6103689776637634
184,1,0.007288263382759489,0.0761229303346364,4,0,True,False,False,False,False,False,True,False,False,True,False,False,True,0.22042364138234116
48,1,0.35913546117114853,0.015126992566498259,1,1,False,True,False,False,False,False,False,True,True,False,False,True,False,0.27149077328868065
347,1,0.4973611460165871,0.025374310111545468,1,1,False,True,False,False,False,False,True,False,True,False,False,False,True,0.9650149477652334
714,0,0.35913546117114853,0.018510168852370702,1,1,False,False,True,False,False,False,False,True,False,True,False,False,True,0.6254436575441058
822,1,0.33400351847197784,0.016908073949327893,1,1,False,False,True,False,False,False,False,True,False,True,False,False,True,0.47640194850295403
62,1,0.4722292033174164,0.15614960068643363,1,1,False,True,False,False,False,True,False,False,True,False,False,False,True,0.9577285998114508
267,0,0.19577783362653933,0.07746484096553544,6,0,False,False,True,False,False,False,False,True,False,True,False,False,True,0.5552318039917673
748,1,0.37170143252073384,0.025374310111545468,1,1,False,True,False,False,False,False,True,False,True,False,False,False,True,0.8100708733014851
679,0,0.5350590600653431,0.09154270340242172,8,0,False,False,False,True,False,False,False,True,True,False,False,False,True,0.37471804568429234
890,1,0.32143754712239253,0.05855610025741261,1,1,False,False,True,False,False,True,False,False,False,True,True,False,False,0.2783190657915796
238,1,0.09525006282985675,0.05123658772523604,3,0,False,True,False,False,False,False,True,False,True,False,False,False,True,0.9028608383101552
709,1,0.2711736617240513,0.29580589980036276,1,1,False,True,False,False,False,True,False,False,True,False,False,False,True,0.8779998712486214
568,0,0.35913546117114853,0.04113566043083236,5,0,False,False,False,True,False,False,False,True,True,False,False,False,True,0.9025455454957947
287,1,0.37170143252073384,0.018542765081513996,1,1,False,False,True,False,False,False,False,True,False,True,False,False,True,0.6484964651219226
337,0,0.35913546117114853,0.12999454257145598,2,0,False,False,True,False,False,True,False,False,False,True,False,False,True,0.2794362294331294
253,0,0.7738125157074642,0.051822148727810165,1,1,False,False,True,False,False,True,False,False,False,True,False,False,True,0.924253992152462
19,0,0.38426740387031916,0.03513366015444757,2,0,False,False,False,True,False,False,False,True,True,False,False,False,True,0.21506214371433952
777,0,0.35913546117114853,0.015126992566498259,1,1,False,False,True,False,False,False,False,True,False,True,False,True,False,0.49951668560249873
570,1,0.39683337521990447,0.015330377421392339,1,1,False,False,True,False,False,False,False,True,False,True,False,False,True,0.8851353571875169
817,0,0.2837396330736366,0.015468569817999833,1,1,False,True,False,False,False,False,False,True,True,False,False,False,True,0.5692018543088249
3,1,0.32143754712239253,0.015468569817999833,1,1,False,True,False,False,False,False,False,True,True,False,False,False,True,0.5507014565811811
439,0,0.7989444584066349,0.5133418122566505,6,0,False,False,True,False,False,True,False,False,False,True,False,False,True,0.6564274588300781
146,0,0.23347574767529528,0.07173122281533045,3,0,False,False,True,False,False,False,True,False,False,True,False,False,True,0.7174164126056582
264,0,0.4973611460165871,0.0,1,1,False,False,True,False,False,True,False,False,False,True,False,False,True,0.8609354880789536
61,0,0.2711736617240513,0.014110458666029575,1,1,False,False,True,False,False,False,False,True,False,True,True,False,False,0.4306551796616863
406,0,0.42196531791907516,0.04098927018018883,2,0,False,False,True,False,False,False,True,False,False,True,False,False,True,0.696575441705424
529,0,0.4847951746670017,0.015468569817999833,1,1,False,False,True,False,False,False,False,True,False,True,False,False,True,0.8773963426420445
399,0,0.2837396330736366,0.020494635090094415,1,1,False,False,False,False,True,False,True,False,False,True,False,False,True,0.5934242357234902
325,0,0.35913546117114853,0.13575255909676823,11,0,False,False,True,False,False,False,False,True,False,True,False,False,True,0.23661539085623262
572,1,0.6607187735611962,0.10048070654571319,3,0,False,False,False,True,False,True,False,False,True,False,False,False,True,0.41609017168775886
835,0,0.22090977632570996,0.016200521071217493,1,1,False,False,True,False,False,False,False,True,False,True,False,False,True,0.742166484714181
839,1,0.39683337521990447,0.11027245763075773,1,1,False,False,True,False,False,False,False,True,False,True,False,False,True,0.38253865248857866
654,1,0.35913546117114853,0.015281580671177828,1,1,False,True,False,False,False,False,False,True,True,False,False,True,False,0.34146555780335186
879,0,0.35913546117114853,0.015411575213749284,1,1,False,False,True,False,False,False,False,True,False,True,False,False,True,0.3423757997403919
779,0,0.35913546117114853,0.015102594191391002,1,1,False,False,True,False,False,False,False,True,False,True,False,True,False,0.8715405951183561
847,0,0.35913546117114853,0.13575255909676823,11,0,False,False,True,False,False,False,False,True,False,True,False,False,True,0.81702037845609
505,1,0.19577783362653933,0.16883675574220638,1,1,False,True,False,False,False,True,False,False,True,False,False,False,True,0.8360653337460623
232,0,0.35913546117114853,0.015175789316712771,1,1,False,False,True,False,False,False,False,True,False,True,False,False,True,0.5411990852645557
448,1,0.42196531791907516,0.051822148727810165,1,1,False,False,True,False,False,True,False,False,False,True,False,False,True,0.3859779269990593
528,0,0.35913546117114853,0.4328841690069588,1,1,False,False,True,False,False,True,False,False,False,True,False,False,True,0.47892705454877493
691,1,0.38426740387031916,0.11125659048908397,2,0,False,False,True,False,False,True,False,False,False,True,False,False,True,0.2830235455588679
426,0,0.35913546117114853,0.014151057562208049,1,1,False,False,True,False,False,False,False,True,False,True,False,False,True,0.35412913112381295
746,0,0.8743402865041467,0.13858277060920984,3,0,False,False,False,False,True,True,False,False,False,True,False,False,True,0.4988763831847606
805,1,0.33400351847197784,0.013614293309848433,1,1,False,False,True,False,False,False,False,True,False,True,False,False,True,0.3733412485327924
346,1,0.2963056044232219,0.025374310111545468,1,1,False,True,False,False,False,False,True,False,True,False,False,False,True,0.8055704296024674
550,1,0.09525006282985675,0.07173122281533045,3,0,True,False,False,False,False,False,True,False,False,True,False,False,True,0.459271609392909
368,1,0.35913546117114853,0.014110458666029575,1,1,False,False,False,True,False,False,False,True,True,False,True,False,False,0.23584240184036676
348,1,0.35913546117114853,0.031425107138144774,2,0,False,False,False,True,False,False,False,True,True,False,False,False,True,0.7078346668752249
395,1,0.2963056044232219,0.03259622914329302,3,0,False,False,False,True,False,False,False,True,True,False,False,False,True,0.7903032696635723
492,0,0.2586076903744659,0.014151057562208049,1,1,False,False,True,False,False,False,False,True,False,True,False,False,True,0.7595647588383172
398,0,0.572756974114099,0.050748620223090936,1,1,False,False,True,False,False,False,True,False,False,True,False,False,True,0.7570715613528946
135,0,0.3088715757728072,0.025374310111545468,1,1,False,False,True,False,False,False,True,False,False,True,False,False,True,0.19747718556896254
385,0,0.35913546117114853,0.015411575213749284,1,1,False,False,True,False,False,False,False,True,False,True,False,False,True,0.36509042484703536
885,0,0.3088715757728072,0.013760683560491965,1,1,False,False,True,False,False,False,False,True,False,True,False,False,True,0.8276997549669409
799,0,0.37170143252073384,0.014110458666029575,1,1,False,False,True,False,False,False,False,True,False,True,True,False,False,0.3125542841039536
207,0,0.39683337521990447,0.030937139635999665,2,0,False,False,True,False,False,False,False,True,False,True,False,False,True,0.7898824351069337
73,0,0.2586076903744659,0.1434624456306609,1,1,False,False,True,False,False,False,True,False,False,True,False,False,True,0.7213192289727536
513,1,0.4470972606182458,0.05130978285055781,1,1,False,False,True,False,False,True,False,False,False,True,False,False,True,0.33242250251465844
487,1,0.43453128926866047,0.17566830077223786,2,0,False,False,False,True,False,True,False,False,True,False,False,False,True,0.3297791985234533
104,0,0.4093993465694898,0.016891873428256675,1,1,False,False,True,False,False,False,False,True,False,True,False,False,True,0.26713663074285254
470,1,0.004146770545363157,0.03758969818624431,4,0,False,True,False,False,False,False,False,True,True,False,True,False,False,0.7218458680815619
175,0,0.6984166876099522,0.05991421140938287,1,1,False,False,True,False,False,True,False,False,False,True,True,False,False,0.19178860193593794
576,0,0.23347574767529528,0.028302115124416098,1,1,False,False,True,False,False,False,False,True,False,True,False,False,True,0.5617170295564452
870,1,0.04498617743151546,0.021730754366528396,3,0,True,False,False,False,False,False,False,True,False,True,False,False,True,0.608324061924476
37,1,0.35913546117114853,0.014110458666029575,1,1,False,False,True,False,False,False,False,True,False,True,True,False,False,0.6610593347649595
788,0,0.09525006282985675,0.056848213999904744,6,0,True,False,False,False,False,False,False,True,False,True,False,True,False,0.41175904349065606
766,1,0.6355868308620256,0.15216446768991498,2,0,False,False,False,True,False,True,False,False,True,False,False,False,True,0.4486252069028177
786,0,0.3088715757728072,0.014151057562208049,1,1,False,False,True,False,False,False,False,True,False,True,False,False,True,0.2525486096358872
46,0,0.35913546117114853,0.015712553569072387,1,1,False,False,True,False,False,False,False,True,False,True,False,False,True,0.2322154874690665
686,0,0.3088715757728072,0.08115719346076702,4,0,False,False,True,False,False,False,True,False,False,True,True,False,False,0.6356286907889375
760,1,0.4093993465694898,0.16883675574220638,1,1,False,False,False,False,True,True,False,False,True,False,False,False,True,0.7016524296432393
782,1,0.20834380497612465,0.11125659048908397,2,0,False,False,False,True,False,True,False,False,True,False,False,False,True,0.9053651543276352
100,0,0.42196531791907516,0.050748620223090936,2,0,False,False,True,False,False,False,True,False,False,True,False,False,True,0.908827305274409
625,0,0.2586076903744659,0.031425107138144774,1,1,False,False,True,False,False,False,False,True,False,True,False,False,True,0.8213831765703501
407,0,0.6355868308620256,0.015126992566498259,1,1,False,False,True,False,False,False,False,True,False,True,False,False,True,0.2945292732411785
316,1,0.32143754712239253,0.015330377421392339,1,1,False,True,False,False,False,False,False,True,True,False,False,False,True,0.16483788504880337
312,1,0.22090977632570996,0.5121218935012878,5,0,False,True,False,False,False,True,False,False,True,False,True,False,False,0.7836412077261643
688,0,0.23347574767529528,0.019852079483269742,1,1,False,False,True,False,False,False,False,True,False,True,False,False,True,0.35821864808478343
249,1,0.4596632319678311,0.10257896680493714,3,0,False,False,True,False,False,True,False,False,False,True,False,False,True,0.8324731769392929
250,0,0.6732847449107816,0.050748620223090936,2,0,False,False,False,False,True,False,True,False,False,True,False,False,True,0.7441447663069177
614,0,0.35913546117114853,0.015126992566498259,1,1,False,False,True,False,False,False,False,True,False,True,False,True,False,0.7045318608425687
444,1,0.3465694898215632,0.025374310111545468,1,1,False,True,False,False,False,False,True,False,True,False,False,False,True,0.40855204851477933
176,0,0.22090977632570996,0.015330377421392339,3,0,False,False,True,False,False,False,False,True,False,True,False,False,True,0.6729840020192986
751,1,0.04498617743151546,0.04489301019734967,3,0,False,True,False,False,False,False,True,False,True,False,False,False,True,0.5697912964320938
106,0,0.3465694898215632,0.015411575213749284,1,1,False,False,True,False,False,False,False,True,False,True,False,False,True,0.6555533548588476
610,1,0.4973611460165871,0.2995388511917728,1,1,False,True,False,False,False,True,False,False,True,False,False,False,True,0.21224655421603855
434,0,0.20834380497612465,0.013907073811135496,1,1,False,False,True,False,False,False,False,True,False,True,False,False,True,0.281837757823289
861,0,0.5099271173661724,0.027537567642055148,3,0,False,False,True,False,False,False,False,True,False,True,False,False,True,0.8450971697496921
122,0,0.35913546117114853,0.015712553569072387,1,1,False,False,True,False,False,False,False,True,False,True,False,False,True,0.6609230061283329
798,1,0.38426740387031916,0.016948672845506364,1,1,False,False,False,True,False,False,False,True,True,False,False,False,True,0.7180393026367228
478,0,0.35913546117114853,0.013752485706455927,2,0,False,False,True,False,False,False,False,True,False,True,False,False,True,0.6929047905695727
753,0,0.4093993465694898,0.018542765081513996,1,1,False,False,True,False,False,False,False,True,False,True,False,False,True,0.7102118182456336
98,1,0.2837396330736366,0.12366716556464086,2,0,False,False,True,False,False,True,False,False,False,True,True,False,False,0.6511814271716158
360,1,0.35913546117114853,0.01537917417160685,1,1,False,True,False,False,False,False,False,True,True,False,False,True,False,0.742428707705723
291,1,0.32143754712239253,0.15390495017656614,1,1,False,True,False,False,False,True,False,False,True,False,False,False,True,0.8403580131688043
594,0,0.35913546117114853,0.015126992566498259,3,0,False,True,False,False,False,False,False,True,True,False,False,True,False,0.21471211008626023
622,1,0.5224930887157577,0.10257896680493714,2,0,False,False,True,False,False,True,False,False,False,True,False,False,True,0.8094459008481764
266,0,0.4470972606182458,0.020494635090094415,1,1,False,False,True,False,False,False,True,False,False,True,False,False,True,0.49230574985515263
254,0,0.37170143252073384,0.031425107138144774,2,0,False,False,True,False,False,False,False,True,False,True,False,False,True,0.5791915523033466
317,1,0.2963056044232219,0.050748620223090936,2,0,False,False,False,True,False,False,True,False,True,False,False,False,True,0.5813410855891542
763,1,0.24604171902488062,0.014110458666029575,1,1,False,False,True,False,False,False,False,True,False,True,True,False,False,0.24546723276543558
129,1,0.35913546117114853,0.04364049521284361,3,0,False,True,False,False,False,False,False,True,True,False,True,False,False,0.8469467681708595
215,0,0.35913546117114853,0.015126992566498259,2,0,False,False,True,False,False,False,False,True,False,True,False,True,False,0.24070623413629832
707,1,0.5601910027645137,0.026350245115835676,1,1,False,False,False,True,False,False,True,False,True,False,False,False,True,0.9212896443068086
438,1,0.2963056044232219,0.03659756266088288,6,0,False,False,False,True,False,False,True,False,True,False,False,False,True,0.5700754267541882
457,0,0.8115104297562201,0.051822148727810165,1,1,False,False,True,False,False,True,False,False,False,True,False,False,True,0.8126706954422959
392,1,0.2586076903744659,0.015216388212891242,1,1,False,False,True,False,False,False,False,True,False,True,False,False,True,0.5397693344484152
381,1,0.5224930887157577,0.4440992237022602,1,1,False,True,False,False,False,True,False,False,True,False,True,False,False,0.23363596993642033
702,1,0.43453128926866047,0.05130978285055781,1,1,False,False,True,False,False,True,False,False,False,True,False,False,True,0.5055223864029836
644,1,0.35913546117114853,0.11027245763075773,1,1,False,False,True,False,False,False,False,True,False,True,False,False,True,0.28795740702885386
698,1,0.35913546117114853,0.015094396337354966,1,1,False,True,False,False,False,False,False,True,True,False,False,True,False,0.3651752007325172
554,1,0.2711736617240513,0.014102260811993537,1,1,False,False,True,False,False,False,False,True,False,True,True,False,False,0.6265434713427026
449,1,0.05755214878110078,0.03758969818624431,4,0,False,True,False,False,False,False,False,True,True,False,True,False,False,0.41625812523018724
102,0,0.35913546117114853,0.015411575213749284,1,1,False,False,True,False,False,False,False,True,False,True,False,False,True,0.9332609593874011
450,1,0.648152802211611,0.05953203526170282,1,1,False,False,False,False,True,True,False,False,False,True,False,False,True,0.7441513836647481
101,0,0.3465694898215632,0.015411575213749284,1,1,False,True,False,False,False,False,False,True,True,False,False,False,True,0.43700781123413013
542,0,0.10781603417944208,0.06104473451835265,7,0,False,True,False,False,False,False,False,True,True,False,False,False,True,0.2136981433651418
436,1,0.17064589092736868,0.23422440102965045,4,0,False,True,False,False,False,True,False,False,True,False,False,False,True,0.2959024180040182
288,0,0.2711736617240513,0.015411575213749284,1,1,False,False,True,False,False,False,False,True,False,True,False,False,True,0.27867089136572554
605,1,0.43453128926866047,0.051822148727810165,1,1,False,False,True,False,False,True,False,False,False,True,True,False,False,0.404206186407159
226,0,0.2711736617240513,0.01824998458022693,1,1,False,False,True,False,False,False,False,True,False,True,False,False,True,0.19102595546505274
784,0,0.35913546117114853,0.04577135170121086,4,0,False,False,True,False,False,False,False,True,False,True,False,False,True,0.8010879840717755
322,0,0.33400351847197784,0.015411575213749284,1,1,False,False,True,False,False,False,False,True,False,True,False,False,True,0.5877968349584806
854,1,0.19577783362653933,0.07690367833806856,2,0,False,True,False,False,False,True,False,False,True,False,False,False,True,0.6975121452534707
386,0,0.22090977632570996,0.1434624456306609,1,1,False,False,True,False,False,False,True,False,False,True,False,False,True,0.889900493352216
608,1,0.33400351847197784,0.05953203526170282,1,1,False,False,True,False,False,True,False,False,False,True,False,False,True,0.1738399211148436
563,0,0.3465694898215632,0.026350245115835676,1,1,False,False,True,False,False,False,True,False,False,True,False,False,True,0.7209380723063711
171,0,0.7612465443578789,0.06538764528744409,1,1,False,False,True,False,False,True,False,False,False,True,False,False,True,0.38877912391436853
177,0,0.35913546117114853,0.04970768794751499,5,0,True,False,False,False,False,False,False,True,False,True,False,False,True,0.4153338145563784
765,0,0.19577783362653933,0.015175789316712771,1,1,False,False,True,False,False,False,False,True,False,True,False,False,True,0.6580729906971047
837,0,0.2586076903744659,0.016908073949327893,1,1,False,False,True,False,False,False,False,True,False,True,False,False,True,0.3342449238876417
90,0,0.2963056044232219,0.015712553569072387,1,1,False,False,True,False,False,False,False,True,False,True,False,False,True,0.6060265199758132
235,0,0.2963056044232219,0.020494635090094415,1,1,False,False,True,False,False,False,True,False,False,True,False,False,True,0.5604424824868766
192,0,0.23347574767529528,0.025374310111545468,1,1,False,False,True,False,False,False,True,False,False,True,False,False,True,0.22127113193785597
54,1,0.35913546117114853,0.050748620223090936,2,0,False,False,False,True,False,False,True,False,True,False,False,False,True,0.23040538778108444
669,0,0.5350590600653431,0.015712553569072387,1,1,False,False,True,False,False,False,False,True,False,True,False,False,True,0.6915506263446354
863,1,0.5978889168132696,0.050610427826483444,1,1,False,False,False,True,False,True,False,False,True,False,False,False,True,0.5094726950547753
701,1,0.22090977632570996,0.4440992237022602,2,0,False,False,False,True,False,True,False,False,True,False,True,False,False,0.31196822479885766
397,0,0.38426740387031916,0.015330377421392339,1,1,False,True,False,False,False,False,False,True,True,False,False,False,True,0.7899066632897609
361,0,0.4973611460165871,0.05445717323939373,6,0,False,False,True,False,False,False,False,True,False,True,False,False,True,0.41420743703595664
265,0,0.35913546117114853,0.015126992566498259,1,1,False,True,False,False,False,False,False,True,True,False,False,True,False,0.9086197835616662
437,0,0.2586076903744659,0.06709553154495196,5,0,False,True,False,False,False,False,False,True,True,False,False,False,True,0.7235865132659762
120,0,0.01985423473234481,0.06104473451835265,7,0,False,True,False,False,False,False,False,True,True,False,False,False,True,0.6701963631462055
394,1,0.2837396330736366,0.22109807522194713,2,0,False,True,False,False,False,True,False,False,True,False,True,False,False,0.4189024748963315
647,0,0.23347574767529528,0.015411575213749284,1,1,False,False,True,False,False,False,False,True,False,True,False,False,True,0.7630146195163054
663,0,0.5853229454636844,0.04994347384455151,1,1,False,False,True,False,False,True,False,False,False,True,False,False,True,0.41709649946357397
310,1,0.37170143252073384,0.11111839809247648,1,1,False,True,False,False,False,True,False,False,True,False,True,False,False,0.20473708113321953
668,0,0.35913546117114853,0.015175789316712771,1,1,False,False,True,False,False,False,False,True,False,True,False,False,True,0.19251192533039807
178,0,0.6230208595124404,0.05604306762136532,1,1,False,True,False,False,False,True,False,False,True,False,True,False,False,0.6365081754393465
6,0,0.35913546117114853,0.01650950209357577,1,1,False,False,True,False,False,False,False,True,False,True,False,True,False,0.22308094169128878
496,0,0.35913546117114853,0.028220722145058292,1,1,False,False,True,False,False,False,False,True,False,True,True,False,False,0.7894133500136246
884,0,0.3465694898215632,0.020494635090094415,1,1,False,False,True,False,False,False,True,False,False,True,False,False,True,0.24101617629893435
159,0,0.35913546117114853,0.016908073949327893,1,1,False,False,True,False,False,False,False,True,False,True,False,False,True,0.9701506722952672
454,1,0.610454888162855,0.17391981561855152,2,0,False,False,True,False,False,True,False,False,False,True,True,False,False,0.9556720593900574
589,0,0.2711736617240513,0.015712553569072387,1,1,False,False,True,False,False,False,False,True,False,True,False,False,True,0.9895346835000941
324,1,0.2711736617240513,0.056604230248832196,3,0,False,False,False,True,False,False,True,False,True,False,False,False,True,0.8505884470021852
675,0,0.35913546117114853,0.0,1,1,False,False,True,False,False,False,True,False,False,True,False,False,True,0.5729554984286053
574,1,0.35913546117114853,0.015126992566498259,1,1,False,True,False,False,False,False,False,True,True,False,False,True,False,0.29830491001418735
420,0,0.12038200552902739,0.04713766070721715,3,0,False,True,False,False,False,False,False,True,True,False,False,False,True,0.9916873685779485
489,0,0.37170143252073384,0.015712553569072387,1,1,False,False,True,False,False,False,False,True,False,True,False,False,True,0.278588922093403
725,1,0.33400351847197784,0.10364429745562033,2,0,False,False,True,False,False,True,False,False,False,True,False,False,True,0.4101679992448881
741,1,0.35913546117114853,0.05855610025741261,1,1,False,False,True,False,False,True,False,False,False,True,False,False,True,0.18791665482453535
776,0,0.22090977632570996,0.015126992566498259,1,1,False,False,True,False,False,False,False,True,False,True,False,False,True,0.3461204722416922
752,1,0.0701181201306861,0.024349578357040744,2,0,True,False,False,False,False,False,False,True,False,True,False,False,True,0.8894665004779605
162,1,0.4973611460165871,0.030741952635141623,1,1,False,False,False,True,False,False,True,False,True,False,False,False,True,0.568035123059551
498,0,0.35913546117114853,0.029473237129564348,1,1,False,False,True,False,False,False,False,True,False,True,False,False,True,0.9808483321775538
5,0,0.43453128926866047,0.015712553569072387,1,1,False,False,True,False,False,False,False,True,False,True,False,False,True,0.36072883534777267
315,0,0.5350590600653431,0.05123658772523604,3,0,False,False,True,False,False,False,True,False,False,True,False,False,True,0.23998360359929682
638,0,0.38426740387031916,0.05123658772523604,3,0,False,False,True,False,False,False,True,False,False,True,False,False,True,0.5883685987204296
599,0,0.35913546117114853,0.014102260811993537,1,1,False,False,True,False,False,False,False,True,False,True,True,False,False,0.9955117574308524
522,0,0.2711736617240513,0.015411575213749284,1,1,False,False,True,False,False,False,False,True,False,True,False,False,True,0.5790637131722313
2,1,0.4722292033174164,0.13913573538264068,2,0,False,False,False,True,False,True,False,False,True,False,True,False,False,0.5231633414006761
365,0,0.35913546117114853,0.030253985132996517,2,0,False,False,True,False,False,False,False,True,False,True,False,True,False,0.41812720034857886
759,0,0.42196531791907516,0.015712553569072387,1,1,False,False,True,False,False,False,False,True,False,True,False,False,True,0.9603102457293791
762,0,0.5099271173661724,0.013907073811135496,1,1,False,False,True,False,False,False,False,True,False,True,False,False,True,0.6352156785412547
195,1,0.5476250314149284,0.05410739813385612,1,1,False,False,False,True,False,True,False,False,True,False,True,False,False,0.6899208215013513
723,0,0.42196531791907516,0.025374310111545468,1,1,False,False,True,False,False,False,True,False,False,True,False,False,True,0.3102530113289933
755,1,0.5978889168132696,0.12687155055772734,4,0,False,False,False,True,False,False,True,False,True,False,False,False,True,0.45070377622473656
475,0,0.2711736617240513,0.019201521209409888,1,1,False,True,False,False,False,False,False,True,True,False,False,False,True,0.45674083849206426
720,0,0.4093993465694898,0.015175789316712771,1,1,False,False,True,False,False,False,False,True,False,True,False,False,True,0.5945003791740946
85,1,0.20834380497612465,0.020494635090094415,1,1,False,True,False,False,False,False,True,False,True,False,False,False,True,0.2989396309634117
731,1,0.35913546117114853,0.41250332793836464,1,1,False,True,False,False,False,True,False,False,True,False,False,False,True,0.8341872197225381
423,0,0.35913546117114853,0.015370976317570811,1,1,False,False,True,False,False,False,False,True,False,True,False,False,True,0.1901191547084965
787,1,0.22090977632570996,0.014630827210317115,1,1,False,True,False,False,False,False,False,True,True,False,False,False,True,0.9012212140482705
285,0,0.35913546117114853,0.050748620223090936,1,1,False,False,True,False,False,True,False,False,False,True,False,False,True,0.6255582747280126
469,0,0.35913546117114853,0.015078195816283748,1,1,False,False,True,False,False,False,False,True,False,True,False,True,False,0.9960865305434226
652,1,0.22090977632570996,0.04489301019734967,2,0,False,True,False,False,False,False,True,False,True,False,False,False,True,0.3092608448998341
653,0,0.2586076903744659,0.01646070534336126,1,1,False,False,True,False,False,False,False,True,False,True,False,False,True,0.3488326377093244
279,0,0.08268409148027142,0.056848213999904744,6,0,True,False,False,False,False,False,False,True,False,True,False,True,False,0.33278554328894494
161,0,0.5476250314149284,0.031425107138144774,2,0,False,False,True,False,False,False,False,True,False,True,False,False,True,0.5734257632386766
558,0,0.35913546117114853,0.4440992237022602,1,1,False,False,True,False,False,True,False,False,False,True,True,False,False,0.5523454472630607
598,0,0.610454888162855,0.0,1,1,False,False,True,False,False,False,False,True,False,True,False,False,True,0.5064315238300882
497,1,0.6732847449107816,0.1527664244005612,2,0,False,True,False,False,False,True,False,False,True,False,True,False,False,0.9017686709677921
212,1,0.43453128926866047,0.04098927018018883,1,1,False,True,False,False,False,False,True,False,True,False,False,False,True,0.39818603342468617
252,0,0.35913546117114853,0.02042143996477265,3,0,False,False,False,True,False,False,False,True,True,False,False,False,True,0.7824915681161762
562,0,0.4973611460165871,0.015411575213749284,1,1,False,False,True,False,False,False,False,True,False,True,False,False,True,0.6001581987662274
338,1,0.5099271173661724,0.2625265161540666,1,1,False,True,False,False,False,True,False,False,True,False,True,False,False,0.2672003064245171
408,1,0.032420206081930136,0.03659756266088288,3,0,True,False,False,False,False,False,True,False,False,True,False,False,True,0.4453937395886315
541,1,0.4470972606182458,0.13858277060920984,3,0,False,True,False,False,False,True,False,False,True,False,False,False,True,0.40128751394191897
335,1,0.35913546117114853,0.2608674266467732,2,0,False,False,False,True,False,True,False,False,True,False,False,False,True,0.9471140536069476
352,0,0.35913546117114853,0.06831545030031472,1,1,False,False,True,False,False,True,False,False,False,True,False,False,True,0.6623787127011417
479,0,0.2711736617240513,0.014679623960531627,1,1,False,False,True,False,False,False,False,True,False,True,False,False,True,0.24290221160447434
703,0,0.22090977632570996,0.028212719478023115,2,0,False,True,False,False,False,False,False,True,True,False,True,False,False,0.5521693481069856
142,1,0.2711736617240513,0.015126992566498259,1,1,False,True,False,False,False,False,False,True,True,False,False,False,True,0.6383999327947865
736,0,0.35285247549635584,0.031425107138144774,1,1,False,False,True,False,False,False,False,True,False,True,False,False,True,0.5396361398368358
838,0,0.35913546117114853,0.015712553569072387,1,1,False,False,True,False,False,False,False,True,False,True,False,False,True,0.9918550983477933
332,0,0.5664739884393063,0.055628295244541985,1,1,False,False,True,False,False,True,False,False,False,True,False,False,True,0.4972811795911585
60,0,0.13294797687861273,0.09154270340242172,8,0,True,False,False,False,False,False,False,True,False,True,False,False,True,0.8100391176572782
773,0,0.7109826589595376,0.020494635090094415,1,1,False,False,False,True,False,False,True,False,True,False,False,False,True,0.21966818866126714
561,0,0.35913546117114853,0.015126992566498259,1,1,False,False,True,False,False,False,False,True,False,True,False,True,False,0.2089155036051552
504,0,0.4596632319678311,0.018713553707264782,1,1,False,True,False,False,False,False,False,True,True,False,False,False,True,0.2418712495829196
842,0,0.19577783362653933,0.020494635090094415,1,1,False,False,True,False,False,False,True,False,False,True,False,False,True,0.31441463696979743
697,0,0.5476250314149284,0.015712553569072387,1,1,False,False,True,False,False,False,False,True,False,True,False,False,True,0.23074752137967536
17,0,0.01985423473234481,0.056848213999904744,6,0,True,False,False,False,False,False,False,True,False,True,False,True,False,0.6966107142085949
419,0,0.37170143252073384,0.025374310111545468,1,1,False,False,True,False,False,False,True,False,False,True,False,False,True,0.6180257154030866
579,0,0.35913546117114853,0.028220722145058292,2,0,False,False,False,True,False,False,False,True,True,False,True,False,False,0.5606404969373376
621,0,0.33400351847197784,0.028212719478023115,2,0,False,False,True,False,False,False,False,True,False,True,True,False,False,0.46590814425584104
353,0,0.18321186227695402,0.014110458666029575,3,0,False,False,True,False,False,False,False,True,False,True,True,False,False,0.5888879168135309
692,1,0.04498617743151546,0.026187654344120927,2,0,False,True,False,False,False,False,False,True,True,False,True,False,False,0.895522028212942
404,0,0.3465694898215632,0.030937139635999665,2,0,False,False,True,False,False,False,False,True,False,True,False,False,True,0.4520785887811902
477,0,0.42196531791907516,0.04098927018018883,2,0,False,False,True,False,False,False,True,False,False,True,False,False,True,0.6416662904829503
521,1,0.37170143252073384,0.18249984580226933,1,1,False,True,False,False,False,True,False,False,True,False,False,False,True,0.8182784199137653
750,0,0.38426740387031916,0.015126992566498259,1,1,False,False,True,False,False,False,False,True,False,True,False,True,False,0.47507027593904694
440,0,0.38426740387031916,0.020494635090094415,1,1,False,False,True,False,False,False,True,False,False,True,False,False,True,0.9807413484087175
617,0,0.42196531791907516,0.028106928123558056,3,0,False,False,True,False,False,False,False,True,False,True,False,False,True,0.27394624314968186
278,0,0.35913546117114853,0.0,1,1,False,False,True,False,False,False,True,False,False,True,False,False,True,0.7406840044329035
732,0,0.13294797687861273,0.036670757786204655,1,1,False,False,True,False,False,False,False,True,False,True,True,False,False,0.6134632419033945
687,0,0.17064589092736868,0.07746484096553544,6,0,False,False,True,False,False,False,False,True,False,True,False,False,True,0.7989380160775583
117,0,0.8806232721789394,0.015126992566498259,1,1,False,False,True,False,False,False,False,True,False,True,False,True,False,0.9303274582187792
377,1,0.2711736617240513,0.014151057562208049,1,1,False,True,False,False,False,False,False,True,True,False,False,False,True,0.6892268912023823
845,0,0.20834380497612465,0.016908073949327893,1,1,False,False,True,False,False,False,False,True,False,True,False,False,True,0.9750709188585042
471,0,0.35913546117114853,0.014151057562208049,1,1,False,False,True,False,False,False,False,True,False,True,False,False,True,0.4119218963141166
227,1,0.23347574767529528,0.020494635090094415,1,1,False,False,True,False,False,False,True,False,False,True,False,False,True,0.17898430681821353
173,1,0.007288263382759489,0.021730754366528396,3,0,False,True,False,False,False,False,False,True,True,False,False,False,True,0.7272918902179081
730,0,0.3088715757728072,0.015468569817999833,2,0,False,True,False,False,False,False,False,True,True,False,False,False,True,0.7223978474530224
791,0,0.35913546117114853,0.015126992566498259,1,1,False,False,True,False,False,False,False,True,False,True,False,True,False,0.5741513431492379
80,1,0.37170143252073384,0.024349578357040744,1,1,False,True,False,False,False,False,False,True,True,False,False,False,True,0.7407205209616811
721,1,0.0701181201306861,0.06441171028315387,2,0,False,True,False,False,False,False,True,False,True,False,False,False,True,0.9723310049609661
446,1,0.04498617743151546,0.15977676072337862,3,0,True,False,False,False,False,True,False,False,False,True,False,False,True,0.3531714060913068
681,0,0.35913546117114853,0.01588334219482317,1,1,False,True,False,False,False,False,False,True,True,False,False,True,False,0.3019161726155706
78,0,0.35913546117114853,0.015712553569072387,1,1,False,False,True,False,False,False,False,True,False,True,False,False,True,0.4072471068550777
680,1,0.4470972606182458,1.0,2,0,False,False,True,False,False,True,False,False,False,True,True,False,False,0.715973528242587
646,1,0.5978889168132696,0.1497654242623688,2,0,False,False,True,False,False,True,False,False,False,True,True,False,False,0.8146944560610132
196,1,0.7235486303091229,0.2859895551532101,1,1,False,True,False,False,False,True,False,False,True,False,True,False,False,0.20979241153998585
107,1,0.2586076903744659,0.014931805565640218,1,1,False,True,False,False,False,False,False,True,True,False,False,False,True,0.8220278162669925
597,1,0.35913546117114853,0.06441171028315387,1,1,False,True,False,False,False,False,True,False,True,False,False,False,True,0.33552946666690564
374,0,0.2711736617240513,0.2647385704347907,1,1,False,False,True,False,False,True,False,False,False,True,True,False,False,0.3634209141676711
47,0,0.35913546117114853,0.030253985132996517,2,0,False,False,True,False,False,False,False,True,False,True,False,True,False,0.19864375358510467
770,0,0.39683337521990447,0.016322512946753766,1,1,False,False,True,False,False,False,False,True,False,True,False,False,True,0.625756847241481
251,0,0.35913546117114853,0.014151057562208049,1,1,False,False,True,False,False,False,False,True,False,True,False,False,True,0.7320529086937675
619,1,0.04498617743151546,0.0761229303346364,4,0,False,True,False,False,False,False,True,False,True,False,False,False,True,0.8259663001086293
816,0,0.35913546117114853,0.0,1,1,False,False,True,False,False,True,False,False,False,True,False,False,True,0.5646327356380951
418,1,0.22090977632570996,0.025374310111545468,3,0,False,True,False,False,False,False,True,False,True,False,False,False,True,0.48902088584524817
393,0,0.3465694898215632,0.015468569817999833,3,0,False,False,True,False,False,False,False,True,False,True,False,False,True,0.31509665116713403
846,0,0.5224930887157577,0.014736618564782174,1,1,False,False,True,False,False,False,False,True,False,True,False,False,True,0.808879434946523
862,0,0.2586076903744659,0.022446505098674834,2,0,False,False,True,False,False,False,True,False,False,True,False,False,True,0.8464620803117281
116,0,0.2586076903744659,0.015468569817999833,1,1,False,False,True,False,False,False,False,True,False,True,False,False,True,0.8965633740470035
137,1,0.23347574767529528,0.051301584996521765,3,0,False,True,False,False,False,True,False,False,True,False,False,False,True,0.3446042209716953
86,1,0.4093993465694898,0.030937139635999665,4,0,False,False,False,True,False,False,False,True,True,False,False,False,True,0.8283600667431184
93,0,0.572756974114099,0.11940564777490723,2,0,False,False,True,False,False,True,False,False,False,True,False,False,True,0.9775395164399522
569,0,0.35913546117114853,0.014110458666029575,1,1,False,False,True,False,False,False,False,True,False,True,True,False,False,0.505888786874706
45,1,0.23347574767529528,0.01537917417160685,1,1,False,True,False,False,False,False,False,True,True,False,False,True,False,0.3406742720441993
601,1,0.2963056044232219,0.05270049023167135,4,0,False,False,False,True,False,False,True,False,True,False,False,False,True,0.5968465277914121
417,1,0.42196531791907516,0.06343577527886367,3,0,False,False,False,True,False,False,True,False,True,False,False,False,True,0.4435065560531881
109,0,0.4722292033174164,0.015411575213749284,1,1,False,False,True,False,False,False,False,True,False,True,False,False,True,0.626175721553128
545,0,0.6230208595124404,0.20772776566317125,2,0,False,False,True,False,False,True,False,False,False,True,True,False,False,0.759037229025937
13,0,0.24604171902488062,0.015712553569072387,1,1,False,False,True,False,False,False,False,True,False,True,False,False,True,0.7226405111248398
240,0,0.4093993465694898,0.023959204355324663,1,1,False,False,True,False,False,False,True,False,False,True,False,False,True,0.5011804871957674
543,0,0.13294797687861273,0.06104473451835265,7,0,False,True,False,False,False,False,False,True,True,False,False,False,True,0.7188165490779321
676,0,0.22090977632570996,0.015175789316712771,1,1,False,False,True,False,False,False,False,True,False,True,False,False,True,0.9268141165568224
136,0,0.2837396330736366,0.02936744577509929,1,1,False,False,True,False,False,False,True,False,False,True,True,False,False,0.7733226619848896
140,0,0.2963056044232219,0.15458810467956932,1,1,False,False,True,False,False,True,False,False,False,True,True,False,False,0.9717666350170647
364,0,0.43453128926866047,0.013760683560491965,1,1,False,False,True,False,False,False,False,True,False,True,False,False,True,0.8742484574273728
855,0,0.5476250314149284,0.050748620223090936,2,0,False,False,False,True,False,False,True,False,True,False,False,False,True,0.5052798128945194
304,1,0.35913546117114853,0.024105594605968193,1,1,False,True,False,False,False,False,True,False,True,False,False,True,False,0.414851362256471
260,1,0.6230208595124404,0.050748620223090936,2,0,False,False,False,True,False,False,True,False,True,False,False,False,True,0.7047738047158322
216,1,0.38426740387031916,0.22109807522194713,2,0,False,True,False,False,False,True,False,False,True,False,True,False,False,0.9095092418328923
490,1,0.10781603417944208,0.031034733136428686,3,0,True,False,False,False,False,False,False,True,False,True,False,False,True,0.9059497876196141
349,1,0.032420206081930136,0.031034733136428686,3,0,True,False,False,False,False,False,False,True,False,True,False,False,True,0.5128685070199542
203,0,0.42196531791907516,0.012678957201736696,1,1,False,False,True,False,False,False,False,True,False,True,False,False,True,0.5598013288919185
305,0,0.35913546117114853,0.015712553569072387,1,1,False,False,True,False,False,False,False,True,False,True,False,False,True,0.24575110281512735
363,0,0.5601910027645137,0.028212719478023115,2,0,False,False,False,True,False,False,False,True,True,False,True,False,False,0.9505669551544147
139,0,0.19577783362653933,0.01798980030808316,1,1,False,False,True,False,False,False,False,True,False,True,False,False,True,0.34129814514380674
466,0,0.4722292033174164,0.013760683560491965,1,1,False,False,True,False,False,False,False,True,False,True,False,False,True,0.6165940630272889
655,0,0.22090977632570996,0.013175122557917838,1,1,False,True,False,False,False,False,False,True,True,False,False,True,False,0.6548222882314003
370,1,0.2963056044232219,0.13526459159462315,1,1,False,False,False,True,False,True,False,False,True,False,True,False,False,0.5280017447690577
148,0,0.10781603417944208,0.06709553154495196,5,0,False,True,False,False,False,False,False,True,True,False,False,False,True,0.5775256641423204
453,0,0.37170143252073384,0.05416439273810667,1,1,False,False,True,False,False,True,False,False,False,True,True,False,False,0.3545586567503819
351,0,0.2837396330736366,0.01800600082915438,1,1,False,False,True,False,False,False,False,True,False,True,False,False,True,0.37237434365091326
706,0,0.4847951746670017,0.050748620223090936,1,1,False,False,True,False,False,False,True,False,False,True,False,False,True,0.4109342793920002
455,0,0.35913546117114853,0.015712553569072387,1,1,False,False,True,False,False,False,False,True,False,True,False,False,True,0.31107649390908265
722,0,0.20834380497612465,0.013768881414528002,2,0,False,False,True,False,False,False,False,True,False,True,False,False,True,0.7842306902465528
778,1,0.05755214878110078,0.024349578357040744,1,1,False,True,False,False,False,False,False,True,True,False,False,False,True,0.22677882797357618
185,1,0.04498617743151546,0.04298993693898376,3,0,False,True,False,False,False,False,False,True,True,False,False,False,True,0.6488442694110604
517,1,0.42196531791907516,0.020494635090094415,1,1,False,False,False,True,False,False,True,False,True,False,False,False,True,0.8983878267675359
441,1,0.5601910027645137,0.05123658772523604,3,0,False,False,False,True,False,False,True,False,True,False,False,False,True,0.8901447877835983
889,0,0.35913546117114853,0.04577135170121086,4,0,False,True,False,False,False,False,False,True,True,False,False,False,True,0.635857897096475
488,0,0.7235486303091229,0.057970539254838485,1,1,False,False,True,False,False,True,False,False,False,True,True,False,False,0.9522071652494808
379,0,0.24604171902488062,0.007831878409428937,1,1,False,False,True,False,False,False,False,True,False,True,True,False,False,0.27564560756592726
297,0,0.2900226187484292,0.014110458666029575,1,1,False,False,True,False,False,False,False,True,False,True,True,False,False,0.5786171576029369
506,0,0.22090977632570996,0.2125586439344078,2,0,False,False,True,False,False,True,False,False,False,True,True,False,False,0.9816542408659168
534,1,0.35913546117114853,0.04364049521284361,3,0,False,False,False,True,False,False,False,True,True,False,True,False,False,0.3918025721739482
796,0,0.4847951746670017,0.025374310111545468,1,1,False,False,True,False,False,False,True,False,False,True,False,False,True,0.4031518619096377
239,0,0.23347574767529528,0.020494635090094415,1,1,False,False,True,False,False,False,True,False,False,True,False,False,True,0.27647797964142207
350,0,0.5224930887157577,0.016908073949327893,1,1,False,False,True,False,False,False,False,True,False,True,False,False,True,0.20808474310846992
284,1,0.23347574767529528,0.015712553569072387,1,1,False,False,True,False,False,False,False,True,False,True,False,False,True,0.2976864746532468
84,0,0.3465694898215632,0.09193307740413781,1,1,False,False,True,False,False,True,False,False,False,True,False,False,True,0.4004229990716831
476,0,0.35913546117114853,0.10149724044618187,1,1,False,False,True,False,False,True,False,False,False,True,False,False,True,0.8172236488382714
126,1,0.14551394822819805,0.021942337075458514,2,0,True,False,False,False,False,False,False,True,False,True,True,False,False,0.9512007155756727
515,0,0.2963056044232219,0.014630827210317115,1,1,False,False,True,False,False,False,False,True,False,True,False,False,True,0.821534768586349
442,0,0.24604171902488062,0.018542765081513996,1,1,False,False,True,False,False,False,False,True,False,True,False,False,True,0.8270782950717198
79,1,0.005152048253329982,0.056604230248832196,3,0,True,False,False,False,False,False,True,False,False,True,False,False,True,0.5829154644665038
857,1,0.5601910027645137,0.32179836714362564,3,0,False,False,False,True,False,True,False,False,True,False,False,False,True,0.5587575147229937
642,1,0.2963056044232219,0.13526459159462315,1,1,False,True,False,False,False,True,False,False,True,False,True,False,False,0.2543816426320731
7,0,0.6732847449107816,0.10122885832000206,1,1,False,False,True,False,False,True,False,False,False,True,False,False,True,0.6887261618213565
221,1,0.19577783362653933,0.015712553569072387,1,1,False,False,True,False,False,False,False,True,False,True,False,False,True,0.8846354387701332
163,0,0.32143754712239253,0.015175789316712771,1,1,False,False,True,False,False,False,False,True,False,True,False,False,True,0.34149252806527086
872,1,0.5853229454636844,0.10257896680493714,3,0,False,False,False,True,False,True,False,False,True,False,False,False,True,0.7502986628549175
604,0,0.5476250314149284,0.015712553569072387,1,1,False,False,True,False,False,False,False,True,False,True,False,False,True,0.5009617585716148
390,1,0.20834380497612465,0.023422440102965045,1,1,False,True,False,False,False,False,True,False,True,False,True,False,False,0.5512983271237364
424,0,0.3465694898215632,0.028106928123558056,3,0,False,False,False,True,False,False,False,True,True,False,False,False,True,0.23988814455141427
764,1,0.4470972606182458,0.23422440102965045,4,0,False,False,False,True,False,True,False,False,True,False,False,False,True,0.8435311902120941
618,0,0.32143754712239253,0.031425107138144774,2,0,False,False,False,True,False,False,False,True,True,False,False,False,True,0.4957156349159615
820,0,0.12038200552902739,0.05445717323939373,6,0,True,False,False,False,False,False,False,True,False,True,False,False,True,0.34240455588810736
774,0,0.35913546117114853,0.014102260811993537,1,1,False,False,True,False,False,False,False,True,False,True,True,False,False,0.40987153699365675
237,0,0.5476250314149284,0.050748620223090936,2,0,False,False,True,False,False,False,True,False,False,True,False,False,True,0.5683749555525598
222,0,0.33400351847197784,0.025374310111545468,1,1,False,False,True,False,False,False,True,False,False,True,False,False,True,0.6861240443411343
124,1,0.40311636089469716,0.025374310111545468,1,1,False,True,False,False,False,False,True,False,True,False,False,False,True,0.6349732549474707
564,0,0.35913546117114853,0.015712553569072387,1,1,False,False,True,False,False,False,False,True,False,True,False,False,True,0.32341062514185126
344,0,0.3088715757728072,0.025374310111545468,1,1,False,False,True,False,False,False,True,False,False,True,False,False,True,0.3111887284194109
500,0,0.2963056044232219,0.015216388212891242,1,1,False,False,True,False,False,False,False,True,False,True,False,False,True,0.40118873632215046
36,0,0.5224930887157577,0.10149724044618187,2,0,False,False,True,False,False,True,False,False,False,True,False,False,True,0.4679961473799611
630,0,0.35913546117114853,0.015094396337354966,1,1,False,False,True,False,False,False,False,True,False,True,False,True,False,0.20832887568787217
712,0,0.35913546117114853,0.051822148727810165,1,1,False,False,True,False,False,True,False,False,False,True,False,False,True,0.8545690623795426
853,0,0.10781603417944208,0.029757819776815374,3,0,False,True,False,False,False,False,False,True,True,False,True,False,False,0.5822964841517333
821,1,0.648152802211611,0.18249984580226933,3,0,False,False,False,True,False,True,False,False,True,False,False,False,True,0.6178867806381128
22,1,0.42196531791907516,0.025374310111545468,1,1,False,False,True,False,False,False,True,False,False,True,False,False,True,0.917687007744725
482,0,0.35913546117114853,0.0,1,1,False,False,True,False,False,False,True,False,False,True,False,False,True,0.7371688453522968
661,1,0.6230208595124404,0.2608674266467732,3,0,False,False,False,False,True,True,False,False,False,True,False,False,True,0.834607818334775
91,0,0.35913546117114853,0.015712553569072387,1,1,False,False,True,False,False,False,False,True,False,True,False,False,True,0.9392161324283785
167,1,0.35913546117114853,0.10735285047192313,2,0,False,False,False,True,False,True,False,False,True,False,False,False,True,0.9145397647295026
592,1,0.648152802211611,0.1527664244005612,2,0,False,False,False,True,False,True,False,False,True,False,True,False,False,0.6920675087308418
794,0,0.35913546117114853,0.05991421140938287,1,1,False,False,True,False,False,True,False,False,False,True,True,False,False,0.5112123187233572
307,1,0.35913546117114853,0.21642978772242535,1,1,False,True,False,False,False,True,False,False,True,False,True,False,False,0.6212549647301541
326,1,0.4470972606182458,0.2647385704347907,1,1,False,True,False,False,False,True,False,False,True,False,True,False,False,0.7154214918560912
695,0,0.7486805730082935,0.051822148727810165,1,1,False,False,False,False,True,True,False,False,False,True,False,False,True,0.5737526226785945
70,0,0.32143754712239253,0.016908073949327893,3,0,False,False,True,False,False,False,False,True,False,True,False,False,True,0.7953126800992896
525,0,0.35913546117114853,0.014110458666029575,1,1,False,False,True,False,False,False,False,True,False,True,True,False,False,0.28533316109700857
718,1,0.33400351847197784,0.020494635090094415,1,1,False,True,False,False,False,False,True,False,True,False,False,False,True,0.6616355161578916
20,1,0.35913546117114853,0.014102260811993537,1,1,False,False,False,True,False,False,False,True,True,False,True,False,False,0.4468262620796576
302,1,0.35913546117114853,0.04538097769949478,3,0,False,False,True,False,False,False,False,True,False,True,False,True,False,0.9614169086531008
734,0,0.2837396330736366,0.025374310111545468,1,1,False,False,True,False,False,False,True,False,False,True,False,False,True,0.2370215961908766
158,0,0.37170143252073384,0.015712553569072387,1,1,False,False,True,False,False,False,False,True,False,True,False,False,True,0.5426875409203884
149,0,0.4533802462930384,0.050748620223090936,3,0,False,False,True,False,False,False,True,False,False,True,False,False,True,0.41453282798226365
483,0,0.6230208595124404,0.015712553569072387,1,1,False,False,True,False,False,False,False,True,False,True,False,False,True,0.4556596992148121
571,1,0.7738125157074642,0.020494635090094415,1,1,False,False,True,False,False,False,True,False,False,True,False,False,True,0.809397194674718
29,1,0.35913546117114853,0.01537917417160685,1,1,False,True,False,False,False,False,False,True,True,False,False,True,False,0.7671904257147006
69,1,0.20834380497612465,0.015468569817999833,7,0,False,True,False,False,False,False,False,True,True,False,False,False,True,0.6826033501652629
30,0,0.35913546117114853,0.015411575213749284,1,1,False,False,True,False,False,False,False,True,False,True,False,False,True,0.7904487662157869
329,1,0.38426740387031916,0.04006213192611313,3,0,False,False,False,True,False,False,False,True,True,False,False,False,True,0.895029391438457
380,0,0.23347574767529528,0.015175789316712771,1,1,False,False,True,False,False,False,False,True,False,True,False,False,True,0.9197721417118417
771,0,0.2963056044232219,0.018542765081513996,1,1,False,False,True,False,False,False,False,True,False,True,False,False,True,0.3036229639524821
429,0,0.35913546117114853,0.015126992566498259,1,1,False,False,True,False,False,False,False,True,False,True,False,True,False,0.7035461135923767
717,1,0.4722292033174164,0.4440992237022602,1,1,False,True,False,False,False,True,False,False,True,False,True,False,False,0.47193665492983194
174,0,0.2586076903744659,0.015468569817999833,1,1,False,False,True,False,False,False,False,True,False,True,False,False,True,0.9877334663318441
433,1,0.5224930887157577,0.050748620223090936,2,0,False,False,False,True,False,False,True,False,True,False,False,False,True,0.6813288613871971
94,0,0.32143754712239253,0.04015972542654215,4,0,False,False,True,False,False,False,False,True,False,True,False,False,True,0.35668872437448984
156,0,0.6355868308620256,0.11980421963065935,2,0,False,False,True,False,False,True,False,False,False,True,True,False,False,0.7384720804735743
430,1,0.39683337521990447,0.015712553569072387,1,1,False,False,True,False,False,False,False,True,False,True,False,False,True,0.4489490511009262
38,0,0.2586076903744659,0.015712553569072387,1,1,False,False,True,False,False,False,False,True,False,True,False,False,True,0.6899666319266119
616,1,0.2963056044232219,0.12687155055772734,4,0,False,True,False,False,False,False,True,False,True,False,False,False,True,0.2237087979932454
588,1,0.7486805730082935,0.15458810467956932,3,0,False,False,True,False,False,True,False,False,False,True,True,False,False,0.9466699102697521
516,0,0.5853229454636844,0.06640417918791278,1,1,False,False,True,False,False,True,False,False,False,True,False,False,True,0.8531993577334767
145,0,0.22090977632570996,0.022446505098674834,1,1,False,False,True,False,False,False,True,False,False,True,False,False,True,0.6512757306060938
259,1,0.43453128926866047,1.0,1,1,False,True,False,False,False,True,False,False,True,False,True,False,False,0.8406308082454442
624,0,0.2586076903744659,0.015330377421392339,1,1,False,False,True,False,False,False,False,True,False,True,False,False,True,0.901655782984402
609,1,0.2711736617240513,0.08115719346076702,4,0,False,False,False,True,False,False,True,False,True,False,True,False,False,0.5209417236576079
53,1,0.610454888162855,0.1497654242623688,2,0,False,False,False,True,False,True,False,False,True,False,True,False,False,0.6167902695950142
807,0,0.4847951746670017,0.0,1,1,False,False,True,False,False,True,False,False,False,True,False,False,True,0.21341866686086708
354,0,0.3088715757728072,0.034743286152731485,2,0,False,False,True,False,False,False,False,True,False,True,False,False,True,0.7768003633850622
662,0,0.4973611460165871,0.014102260811993537,1,1,False,False,True,False,False,False,False,True,False,True,True,False,False,0.20108493426628093
728,1,0.35913546117114853,0.015102594191391002,1,1,False,True,False,False,False,False,False,True,True,False,False,True,False,0.7153652657814128
524,1,0.5476250314149284,0.11316786160148591,2,0,False,False,False,True,False,True,False,False,True,False,True,False,False,0.9012242152934898
66,1,0.35913546117114853,0.029757819776815374,3,0,True,False,False,False,False,False,False,True,False,True,True,False,False,0.527005167794156
24,1,0.3465694898215632,0.06929138530460492,1,1,False,False,True,False,False,True,False,False,False,True,False,False,True,0.47201931574192724
583,0,0.6732847449107816,0.050748620223090936,1,1,False,False,True,False,False,False,True,False,False,True,False,False,True,0.6819277508005991
840,1,0.35913546117114853,0.057970539254838485,1,1,False,False,True,False,False,True,False,False,False,True,True,False,False,0.9197173781464452
886,0,0.4847951746670017,0.056848213999904744,6,0,False,False,False,True,False,False,False,True,True,False,False,True,False,0.32723546839878226
531,1,0.01985423473234481,0.050748620223090936,3,0,False,True,False,False,False,False,True,False,True,False,False,False,True,0.5892767949727805
783,0,0.35913546117114853,0.05855610025741261,1,1,False,False,True,False,False,True,False,False,False,True,False,False,True,0.8308034415615054
209,1,0.19577783362653933,0.015126992566498259,1,1,False,True,False,False,False,False,False,True,True,False,False,True,False,0.6984641963412034
485,1,0.3088715757728072,0.17777475888549785,2,0,False,False,True,False,False,True,False,False,False,True,True,False,False,0.42210584847495936
87,0,0.19577783362653933,0.06709553154495196,5,0,False,False,True,False,False,False,False,True,False,True,False,False,True,0.9098411699907558
25,0,0.09525006282985675,0.04113566043083236,5,0,False,True,False,False,False,False,False,True,True,False,False,False,True,0.3145664246472115
808,0,0.22090977632570996,0.015175789316712771,1,1,False,True,False,False,False,False,False,True,True,False,False,False,True,0.4891093084961933
357,1,0.2711736617240513,0.10735285047192313,2,0,False,True,False,False,False,True,False,False,True,False,False,False,True,0.5275219490197584
75,1,0.39683337521990447,0.11027245763075773,1,1,False,False,True,False,False,False,False,True,False,True,False,False,True,0.33918540311781975
459,1,0.6230208595124404,0.020494635090094415,1,1,False,True,False,False,False,False,True,False,True,False,False,False,True,0.24722472139504392
828,1,0.007288263382759489,0.07222738817151159,3,0,True,False,False,False,False,False,True,False,False,True,True,False,False,0.7217093393412561
836,1,0.4847951746670017,0.16231419173453318,3,0,False,True,False,False,False,True,False,False,True,False,True,False,False,0.48270845126825734
64,0,0.04498617743151546,0.05445717323939373,6,0,True,False,False,False,False,False,False,True,False,True,False,False,True,0.7327818008916883
168,0,0.5601910027645137,0.05445717323939373,6,0,False,False,False,True,False,False,False,True,True,False,False,False,True,0.6264006261919175
119,0,0.2963056044232219,0.4831284260198326,2,0,False,False,True,False,False,True,False,False,False,True,True,False,False,0.4225810508566923
99,1,0.42196531791907516,0.04489301019734967,2,0,False,False,False,True,False,False,True,False,True,False,False,False,True,0.9366778098943237
850,1,0.35913546117114853,0.17391981561855152,2,0,False,False,False,True,False,True,False,False,True,False,True,False,False,0.7524884467656223
875,1,0.3465694898215632,0.04684488020593009,2,0,False,False,False,True,False,False,True,False,True,False,True,False,False,0.9261065539605342
121,0,0.2586076903744659,0.1434624456306609,3,0,False,False,True,False,False,False,True,False,False,True,False,False,True,0.6112385915202808
41,0,0.4973611460165871,0.018493968331299484,2,0,False,False,False,True,False,False,False,True,True,False,False,False,True,0.7712944466247652
538,1,0.37170143252073384,0.20772776566317125,1,1,False,True,False,False,False,True,False,False,True,False,True,False,False,0.4888204523072993
328,1,0.4470972606182458,0.025374310111545468,1,1,False,False,False,True,False,False,True,False,True,False,False,False,True,0.886481040182779
826,0,0.35913546117114853,0.013565496559633922,1,1,False,False,True,False,False,False,False,True,False,True,False,True,False,0.545307766899964
757,0,0.3465694898215632,0.015216388212891242,1,1,False,False,True,False,False,False,False,True,False,True,False,False,True,0.49657283818066955
767,0,0.35913546117114853,0.07729405233978466,1,1,False,False,False,False,True,True,False,False,False,True,True,False,False,0.5981083745397442
775,1,0.6732847449107816,0.04489301019734967,5,0,False,False,False,True,False,False,True,False,True,False,False,False,True,0.46966984080389185
32,1,0.35913546117114853,0.2859895551532101,2,0,False,False,False,True,False,True,False,False,True,False,True,False,False,0.6597158344078475
405,0,0.24604171902488062,0.016908073949327893,1,1,False,True,False,False,False,False,False,True,True,False,False,False,True,0.7196857231980214
818,0,0.38426740387031916,0.07222738817151159,3,0,False,False,True,False,False,False,True,False,False,True,True,False,False,0.7421365277594977
743,1,0.2586076903744659,0.5121218935012878,5,0,False,True,False,False,False,True,False,False,True,False,True,False,False,0.42033948378381947
111,0,0.5853229454636844,0.10149724044618187,1,1,False,False,True,False,False,True,False,False,False,True,False,False,True,0.2816461931342825
67,1,0.35913546117114853,0.020494635090094415,1,1,False,False,False,True,False,False,True,False,True,False,False,False,True,0.5669874518723802
49,0,0.35913546117114853,0.04231498029001666,3,0,False,False,True,False,False,False,False,True,False,True,True,False,False,0.976852764010693
362,0,0.35913546117114853,0.05410739813385612,2,0,False,False,True,False,False,False,True,False,False,True,True,False,False,0.2561508425657032
685,0,0.7486805730082935,0.0761229303346364,3,0,False,False,True,False,False,False,True,False,False,True,False,False,True,0.28322918719737444
269,1,0.7235486303091229,0.2995388511917728,2,0,False,False,False,True,False,True,False,False,True,False,False,False,True,0.168388570511378
578,1,0.4847951746670017,0.1091095334796455,2,0,False,False,False,True,False,True,False,False,True,False,False,False,True,0.5011253185089757
501,0,0.20834380497612465,0.016908073949327893,1,1,False,False,True,False,False,False,False,True,False,True,False,False,True,0.8841918446136751
740,0,0.35913546117114853,0.015411575213749284,1,1,False,False,True,False,False,False,False,True,False,True,False,False,True,0.5817095775071581
172,0,0.04498617743151546,0.056848213999904744,6,0,True,False,False,False,False,False,False,True,False,True,False,True,False,0.5727042902682571
321,0,0.2711736617240513,0.014151057562208049,1,1,False,False,True,False,False,False,False,True,False,True,False,False,True,0.9945628123735194
615,0,0.43453128926866047,0.015712553569072387,1,1,False,False,True,False,False,False,False,True,False,True,False,False,True,0.2400865037010943
586,1,0.22090977632570996,0.1554664461834305,3,0,False,True,False,False,False,True,False,False,True,False,False,False,True,0.8144356813361866
166,1,0.10781603417944208,0.04006213192611313,3,0,True,False,False,False,False,False,False,True,False,True,False,False,True,0.5678649545949946
271,0,0.35913546117114853,0.060507970265993034,1,1,False,False,True,False,False,True,False,False,False,True,False,False,True,0.46611696867375085
657,0,0.35913546117114853,0.015411575213749284,1,1,False,False,True,False,False,False,False,True,False,True,False,False,True,0.8068392969851673
825,0,0.01985423473234481,0.07746484096553544,6,0,True,False,False,False,False,False,False,True,False,True,False,False,True,0.6844414884488182
387,0,0.007288263382759489,0.09154270340242172,8,0,True,False,False,False,False,False,False,True,False,True,False,False,True,0.652853712293533
761,0,0.35913546117114853,0.028302115124416098,1,1,False,False,True,False,False,False,False,True,False,True,False,False,True,0.27268865491372585
749,0,0.23347574767529528,0.10364429745562033,2,0,False,False,True,False,False,True,False,False,False,True,False,False,True,0.5146542000757323
494,0,0.8869062578537321,0.09662576327876685,1,1,False,False,True,False,False,True,False,False,False,True,True,False,False,0.64126304090732
620,0,0.32143754712239253,0.020494635090094415,1,1,False,False,True,False,False,False,True,False,False,True,False,False,True,0.3506759087896788
432,1,0.35913546117114853,0.031425107138144774,2,0,False,False,False,True,False,False,False,True,True,False,False,False,True,0.8394436201612874
690,1,0.18321186227695402,0.41250332793836464,2,0,False,True,False,False,False,True,False,False,True,False,False,False,True,0.5711774344026864
415,1,0.5476250314149284,0.015468569817999833,1,1,False,False,True,False,False,False,False,True,False,True,False,False,True,0.46010055016343976
856,1,0.22090977632570996,0.01824998458022693,2,0,False,False,False,True,False,False,False,True,True,False,False,False,True,0.5633372321301547
512,0,0.35913546117114853,0.015712553569072387,1,1,False,False,True,False,False,False,False,True,False,True,False,False,True,0.39203235763170374
810,1,0.4093993465694898,0.10364429745562033,2,0,False,False,False,True,False,True,False,False,True,False,False,False,True,0.26879167081381594
537,0,0.5601910027645137,0.051822148727810165,1,1,False,False,False,False,True,True,False,False,False,True,False,False,True,0.4364613818389165
382,1,0.007288263382759489,0.030725752114070404,3,0,False,True,False,False,False,False,False,True,True,False,True,False,False,0.7377402315482005
27,0,0.35913546117114853,0.014102260811993537,1,1,False,False,True,False,False,False,False,True,False,True,True,False,False,0.7524449169599731
704,0,0.3088715757728072,0.01511079204542704,1,1,False,False,True,False,False,False,False,True,False,True,False,True,False,0.5070772705367985
358,0,0.4722292033174164,0.025374310111545468,1,1,False,True,False,False,False,False,True,False,True,False,False,False,True,0.36912206607939535
1,0,0.2711736617240513,0.014151057562208049,2,0,False,False,True,False,False,False,False,True,False,True,False,False,True,0.22329107915353885
628,1,0.2586076903744659,0.15216446768991498,1,1,False,True,False,False,False,True,False,False,True,False,False,False,True,0.47385633687327555
68,0,0.23347574767529528,0.015923941091001644,1,1,False,False,True,False,False,False,False,True,False,True,False,False,True,0.722945249247141
243,0,0.35913546117114853,0.020494635090094415,1,1,False,False,True,False,False,False,True,False,False,True,False,False,True,0.3155458416589393
869,0,0.35913546117114853,0.018542765081513996,1,1,False,False,True,False,False,False,False,True,False,True,False,False,True,0.6571482270191079
694,0,0.3088715757728072,0.014102260811993537,1,1,False,False,True,False,False,False,False,True,False,True,True,False,False,0.7457823740248506
81,0,0.2711736617240513,0.017566830077223785,1,1,False,False,True,False,False,False,False,True,False,True,False,False,True,0.8703608417756887
214,0,0.37170143252073384,0.025374310111545468,1,1,False,False,True,False,False,False,True,False,False,True,False,False,True,0.552216901543784
713,1,0.5978889168132696,0.10149724044618187,2,0,False,False,True,False,False,True,False,False,False,True,False,False,True,0.3778632721447407
290,1,0.2711736617240513,0.015126992566498259,1,1,False,True,False,False,False,False,False,True,True,False,False,True,False,0.9611975481021515
673,0,0.8743402865041467,0.020494635090094415,1,1,False,False,True,False,False,False,True,False,False,True,False,False,True,0.7758804472514559
634,0,0.35913546117114853,0.0,1,1,False,False,True,False,False,True,False,False,False,True,False,False,True,0.7217710369508444
301,1,0.35913546117114853,0.015126992566498259,1,1,False,True,False,False,False,False,False,True,True,False,False,True,False,0.3688279088184241
665,1,0.24604171902488062,0.015468569817999833,2,0,False,False,True,False,False,False,False,True,False,True,False,False,True,0.9651199731773497
403,0,0.2586076903744659,0.019177122834302632,2,0,False,True,False,False,False,False,False,True,True,False,False,False,True,0.6688795649072636
277,0,0.5601910027645137,0.015126992566498259,1,1,False,True,False,False,False,False,False,True,True,False,False,False,True,0.8056288398715095
871,0,0.32143754712239253,0.015411575213749284,1,1,False,False,True,False,False,False,False,True,False,True,False,False,True,0.6639347678350611
581,1,0.3088715757728072,0.05855610025741261,3,0,False,True,False,False,False,False,True,False,True,False,False,False,True,0.35708186417332244
547,1,0.23347574767529528,0.050748620223090936,2,0,False,False,False,True,False,False,True,False,True,False,False,False,True,0.8186285809917139
189,0,0.4973611460165871,0.030253985132996517,3,0,False,False,True,False,False,False,False,True,False,True,False,True,False,0.8304147370246499
819,0,0.5350590600653431,0.012589561555343713,1,1,False,False,True,False,False,False,False,True,False,True,False,False,True,0.487317533758025
375,0,0.032420206081930136,0.04113566043083236,5,0,False,True,False,False,False,False,False,True,True,False,False,False,True,0.46585752090146304
811,0,0.32143754712239253,0.015395374692678068,1,1,False,False,True,False,False,False,False,True,False,True,False,False,True,0.46784507810940734
366,0,0.37170143252073384,0.014151057562208049,1,1,False,False,True,False,False,False,False,True,False,True,False,False,True,0.7199974696144741
801,0,0.42196531791907516,0.025374310111545468,1,1,False,False,True,False,False,False,True,False,False,True,False,False,True,0.6405765435993068
416,0,0.35913546117114853,0.015712553569072387,1,1,False,False,False,True,False,False,False,True,True,False,False,False,True,0.6612596072557382
607,0,0.37170143252073384,0.015411575213749284,1,1,False,False,True,False,False,False,False,True,False,True,False,False,True,0.5845731528350674
103,0,0.2586076903744659,0.15085515328815924,2,0,False,False,True,False,False,True,False,False,False,True,False,False,True,0.7062172484423577
431,1,0.3465694898215632,0.051822148727810165,1,1,False,False,True,False,False,True,False,False,False,True,False,False,True,0.4498789546045283
295,0,0.2963056044232219,0.015411575213749284,1,1,False,False,True,False,False,False,False,True,False,True,False,False,True,0.9362665013725234
823,0,0.4722292033174164,0.0,1,1,False,False,False,False,True,True,False,False,False,True,False,False,True,0.844836912707415
824,1,0.33400351847197784,0.024349578357040744,2,0,False,False,False,True,False,False,False,True,True,False,False,False,True,0.5459618204446113
544,1,0.39683337521990447,0.050748620223090936,2,0,False,False,True,False,False,False,True,False,False,True,False,False,True,0.3661243687345349
510,1,0.32143754712239253,0.11027245763075773,1,1,False,False,True,False,False,False,False,True,False,True,False,False,True,0.34393514190762153
131,0,0.4093993465694898,0.015411575213749284,1,1,False,False,True,False,False,False,False,True,False,True,True,False,False,0.7001514539668893
585,0,0.35913546117114853,0.017005667449756914,1,1,False,False,True,False,False,False,False,True,False,True,True,False,False,0.8022926148752169
15,0,0.17064589092736868,0.015330377421392339,1,1,False,True,False,False,False,False,False,True,True,False,False,False,True,0.2502813067440234
716,0,0.23347574767529528,0.014931805565640218,1,1,False,False,True,False,False,False,False,True,False,True,False,False,True,0.6091379966963868
42,0,0.33400351847197784,0.04098927018018883,2,0,False,False,False,True,False,False,True,False,True,False,False,False,True,0.8161423262888494
218,0,0.5224930887157577,0.05270049023167135,2,0,False,False,True,False,False,False,True,False,False,True,False,False,True,0.2906698962447649
627,0,0.7109826589595376,0.024105594605968193,1,1,False,False,False,False,True,False,True,False,False,True,False,True,False,0.21545929049649215
829,1,0.35913546117114853,0.015126992566498259,1,1,False,False,True,False,False,False,False,True,False,True,False,True,False,0.9853532764408172
552,0,0.33400351847197784,0.050748620223090936,1,1,False,False,True,False,False,False,True,False,False,True,False,False,True,0.462247694599044
160,0,0.35913546117114853,0.13575255909676823,11,0,True,False,False,False,False,False,False,True,False,True,False,False,True,0.24707724129305986
153,0,0.6921337019351596,0.015712553569072387,1,1,False,False,True,False,False,False,False,True,False,True,False,False,True,0.8982080306595139
715,0,0.648152802211611,0.025374310111545468,1,1,False,False,True,False,False,False,True,False,False,True,False,False,True,0.590436278027177
683,0,0.24604171902488062,0.01800600082915438,1,1,False,False,True,False,False,False,False,True,False,True,False,False,True,0.44604913600038876
65,0,0.35913546117114853,0.05410739813385612,1,1,False,False,True,False,False,True,False,False,False,True,True,False,False,0.6756664492813946
606,0,0.4470972606182458,0.030351578633425542,2,0,False,False,True,False,False,False,False,True,False,True,False,False,True,0.8597072201585614
737,0,0.5978889168132696,0.06709553154495196,5,0,False,False,False,True,False,False,False,True,True,False,False,False,True,0.3787153106177302
643,0,0.01985423473234481,0.05445717323939373,6,0,False,True,False,False,False,False,False,True,True,False,False,False,True,0.34991268566564293
10,1,0.17064589092736868,0.058694292654020104,2,0,False,False,False,True,False,False,True,False,True,False,True,False,False,0.941010860245836
612,0,0.35913546117114853,0.013760683560491965,1,1,False,False,True,False,False,False,False,True,False,True,False,False,True,0.5203936440760539
460,0,0.35913546117114853,0.015126992566498259,1,1,False,False,True,False,False,False,False,True,False,True,False,True,False,0.3563151349570036
319,1,0.38426740387031916,0.32179836714362564,3,0,False,True,False,False,False,True,False,False,True,False,False,False,True,0.2506482644132183
298,0,0.01985423473234481,0.29580589980036276,4,0,False,True,False,False,False,True,False,False,True,False,False,False,True,0.9309416054142151
228,0,0.2523247046996733,0.014151057562208049,1,1,False,False,True,False,False,False,False,True,False,True,False,False,True,0.31206738039146686
183,0,0.10781603417944208,0.061264319894317944,7,0,True,False,False,False,False,False,False,True,False,True,False,False,True,0.35634256423348254
11,1,0.04498617743151546,0.03259622914329302,3,0,False,True,False,False,False,False,False,True,True,False,False,False,True,0.5636813802348253
708,1,0.5224930887157577,0.05130978285055781,1,1,False,False,True,False,False,True,False,False,False,True,False,False,True,0.7578827128610355
283,0,0.19577783362653933,0.018542765081513996,1,1,False,False,True,False,False,False,False,True,False,True,False,False,True,0.5807330364308839
672,0,0.38426740387031916,0.10149724044618187,2,0,False,False,True,False,False,True,False,False,False,True,False,False,True,0.5216321846837301
39,0,0.22090977632570996,0.03513366015444757,3,0,False,True,False,False,False,False,False,True,True,False,False,False,True,0.2633294844455638
758,0,0.22090977632570996,0.022446505098674834,1,1,False,False,True,False,False,False,True,False,False,True,False,False,True,0.9019575874054943
198,0,0.5224930887157577,0.01640390592611157,2,0,False,False,True,False,False,False,False,True,False,True,False,False,True,0.8079189538321655
95,0,0.7361146016587082,0.014151057562208049,1,1,False,False,True,False,False,False,False,True,False,True,False,False,True,0.6541871683390603
23,1,0.18321186227695402,0.015671954672893913,1,1,False,True,False,False,False,False,False,True,True,False,False,True,False,0.5664463287191955
208,1,0.32143754712239253,0.036670757786204655,1,1,False,False,True,False,False,False,False,True,False,True,True,False,False,0.5811397219372
551,1,0.20834380497612465,0.21642978772242535,3,0,False,False,True,False,False,True,False,False,False,True,True,False,False,0.9728884476719817
44,1,0.032420206081930136,0.08115719346076702,4,0,False,True,False,False,False,False,True,False,True,False,True,False,False,0.5780067455748411
50,0,0.22090977632570996,0.034743286152731485,2,0,False,False,False,True,False,False,False,True,True,False,False,False,True,0.21542897828136154
843,1,0.37170143252073384,0.060507970265993034,1,1,False,True,False,False,False,True,False,False,True,False,True,False,False,0.8781996519339534
458,1,0.35913546117114853,0.10122885832000206,2,0,False,False,False,True,False,True,False,False,True,False,False,False,True,0.9129561630143012
114,0,0.24604171902488062,0.019177122834302632,2,0,False,True,False,False,False,False,False,True,True,False,False,False,True,0.26952228245370013
378,0,0.33400351847197784,0.41282050681475896,3,0,False,False,True,False,False,True,False,False,False,True,True,False,False,0.3717952089182769
726,0,0.24604171902488062,0.016908073949327893,1,1,False,False,True,False,False,False,False,True,False,True,False,False,True,0.33995274546166154
188,1,0.5601910027645137,0.051822148727810165,1,1,False,False,True,False,False,True,False,False,False,True,False,False,True,0.6585747763718441
832,1,0.005152048253329982,0.03659756266088288,3,0,True,False,False,False,False,False,True,False,False,True,False,False,True,0.6382455589045686
705,0,0.32143754712239253,0.015330377421392339,2,0,False,False,True,False,False,False,False,True,False,True,False,False,True,0.38607848636472875
193,1,0.23347574767529528,0.015330377421392339,2,0,False,True,False,False,False,False,False,True,True,False,False,False,True,0.7800433424910276
339,1,0.5601910027645137,0.015712553569072387,1,1,False,False,True,False,False,False,False,True,False,True,False,False,True,0.28352367188871264
881,1,0.3088715757728072,0.050748620223090936,2,0,False,False,False,True,False,False,True,False,True,False,False,False,True,0.5193275241100592
327,0,0.7612465443578789,0.012174789178520372,1,1,False,False,True,False,False,False,False,True,False,True,False,False,True,0.35832111397138855
802,1,0.38426740387031916,0.05123658772523604,3,0,False,False,False,True,False,False,True,False,True,False,False,False,True,0.4807184837977446
72,0,0.19577783362653933,0.09154270340242172,8,0,False,True,False,False,False,False,False,True,True,False,False,False,True,0.19916263217137087
187,1,0.35913546117114853,0.030253985132996517,2,0,False,False,False,True,False,False,False,True,True,False,False,True,False,0.33908039938009304
473,1,0.4093993465694898,0.05416439273810667,4,0,False,False,False,True,False,False,True,False,True,False,False,False,True,0.32359555671997153
134,1,0.35913546117114853,0.050748620223090936,2,0,False,False,False,True,False,False,True,False,True,False,False,False,True,0.6443820755989285
590,0,0.35913546117114853,0.015712553569072387,1,1,False,False,True,False,False,False,False,True,False,True,False,False,True,0.7324220900040962
414,0,0.35913546117114853,0.0,1,1,False,False,True,False,False,False,True,False,False,True,False,False,True,0.2607720875427961
256,1,0.35913546117114853,0.029757819776815374,3,0,False,False,False,True,False,False,False,True,True,False,True,False,False,0.7134747341035563
82,1,0.35913546117114853,0.018542765081513996,1,1,False,False,True,False,False,False,False,True,False,True,False,False,True,0.9665261604026779
202,0,0.35913546117114853,0.13575255909676823,11,0,False,False,True,False,False,False,False,True,False,True,False,False,True,0.8181281324581735
566,0,0.2963056044232219,0.04713766070721715,3,0,False,False,True,False,False,False,False,True,False,True,False,False,True,0.5282345808486182
270,1,0.43453128926866047,0.2647385704347907,1,1,False,True,False,False,False,True,False,False,True,False,False,False,True,0.6447815844369733
851,0,0.04498617743151546,0.06104473451835265,7,0,True,False,False,False,False,False,False,True,False,True,False,False,True,0.5302286561024335
769,0,0.35913546117114853,0.04713766070721715,2,0,False,False,True,False,False,False,False,True,False,True,False,True,False,0.5304557504669597
535,0,0.37170143252073384,0.016908073949327893,1,1,False,True,False,False,False,False,False,True,True,False,False,False,True,0.5911058721300019
596,0,0.4470972606182458,0.04713766070721715,3,0,False,False,True,False,False,False,False,True,False,True,False,False,True,0.9106347140697783
257,1,0.35913546117114853,0.15458810467956932,1,1,False,False,False,True,False,True,False,False,True,False,True,False,False,0.35929048289367993
165,0,0.007288263382759489,0.07746484096553544,6,0,True,False,False,False,False,False,False,True,False,True,False,False,True,0.5445036414045207
151,0,0.6355868308620256,0.02444717185746977,1,1,False,False,False,False,True,False,True,False,False,True,False,False,True,0.5176138587519762
514,1,0.6732847449107816,0.11594107850967697,2,0,False,False,False,True,False,True,False,False,True,False,True,False,False,0.5081558251250263
88,0,0.35913546117114853,0.015712553569072387,1,1,False,False,True,False,False,False,False,True,False,True,False,False,True,0.766136675251295
747,0,0.19577783362653933,0.03952536767375352,3,0,False,False,True,False,False,False,False,True,False,True,False,False,True,0.5608119433210136
700,0,0.5224930887157577,0.014931805565640218,1,1,False,False,True,False,False,False,False,True,False,True,False,False,True,0.6434448391968319
508,1,0.35913546117114853,0.051822148727810165,1,1,False,False,True,False,False,True,False,False,False,True,False,False,True,0.5379448119233947
388,1,0.4470972606182458,0.025374310111545468,1,1,False,True,False,False,False,False,True,False,True,False,False,False,True,0.9505404990347651
567,0,0.23347574767529528,0.015411575213749284,1,1,False,False,True,False,False,False,False,True,False,True,False,False,True,0.28690601352629297
293,0,0.4470972606182458,0.025130326360472913,1,1,False,False,True,False,False,False,True,False,False,True,True,False,False,0.3989680705695663
199,1,0.35913546117114853,0.015126992566498259,1,1,False,True,False,False,False,False,False,True,True,False,False,True,False,0.9415007052426935
744,0,0.2963056044232219,0.031425107138144774,2,0,False,False,True,False,False,False,False,True,False,True,False,False,True,0.9923089331267737
320,1,0.4973611460165871,0.2625265161540666,3,0,False,False,False,True,False,True,False,False,True,False,True,False,False,0.957155696508228
169,0,0.35913546117114853,0.050602229972447406,1,1,False,False,True,False,False,True,False,False,False,True,False,False,True,0.4956239121885867
409,0,0.2586076903744659,0.015175789316712771,1,1,False,False,True,False,False,False,False,True,False,True,False,False,True,0.3497560082084312
519,1,0.4470972606182458,0.050748620223090936,2,0,False,False,False,True,False,False,True,False,True,False,False,False,True,0.6978270927774717
141,0,0.35913546117114853,0.029757819776815374,3,0,False,False,False,True,False,False,False,True,True,False,True,False,False,0.22342957388458096
682,1,0.33400351847197784,0.1497654242623688,1,1,False,False,True,False,False,True,False,False,False,True,True,False,False,0.884795018585439
693,1,0.35913546117114853,0.11027245763075773,1,1,False,False,True,False,False,False,False,True,False,True,False,False,True,0.33858562853370133
276,1,0.7863784870570495,0.15216446768991498,2,0,False,True,False,False,False,True,False,False,True,False,False,False,True,0.5935021325438128
887,0,0.33400351847197784,0.025374310111545468,1,1,False,False,False,False,True,False,True,False,False,True,False,False,True,0.3311987762262941
197,0,0.35913546117114853,0.015126992566498259,1,1,False,False,True,False,False,False,False,True,False,True,False,True,False,0.8287415038352453
447,1,0.15807991957778336,0.0380614651673182,2,0,False,True,False,False,False,False,True,False,True,False,False,False,True,0.8394949978424275
533,0,0.20834380497612465,0.014110458666029575,3,0,False,False,True,False,False,False,False,True,False,True,True,False,False,0.7209101718186963
462,0,0.42196531791907516,0.015712553569072387,1,1,False,False,True,False,False,False,False,True,False,True,False,False,True,0.8125404308660118
56,1,0.35913546117114853,0.06929138530460492,1,1,False,False,True,False,False,True,False,False,False,True,False,False,True,0.5842502083948865
710,1,0.35913546117114853,0.029757819776815374,3,0,True,False,False,False,False,False,False,True,False,True,True,False,False,0.20551309658700578
495,0,0.2586076903744659,0.015712553569072387,1,1,False,False,True,False,False,False,False,True,False,True,False,False,True,0.33069886753410205
518,0,0.35913546117114853,0.04713766070721715,1,1,False,False,True,False,False,False,False,True,False,True,False,True,False,0.906823957635936
263,0,0.648152802211611,0.1554664461834305,3,0,False,False,True,False,False,True,False,False,False,True,False,False,True,0.3976115463796088
754,0,0.2837396330736366,0.015411575213749284,1,1,False,False,True,False,False,False,False,True,False,True,False,False,True,0.294128885353402
789,1,0.007288263382759489,0.04015972542654215,4,0,True,False,False,False,False,False,False,True,False,True,False,False,True,0.28393524695947014
664,0,0.4470972606182458,0.014630827210317115,1,1,False,False,True,False,False,False,False,True,False,True,False,False,True,0.8799300488373764
412,0,0.35913546117114853,0.013386510079847098,1,1,False,False,True,False,False,False,False,True,False,True,False,True,False,0.32808420517567694
229,0,0.22090977632570996,0.025374310111545468,1,1,False,False,True,False,False,False,True,False,False,True,False,False,True,0.6263297344858741
341,1,0.01985423473234481,0.050748620223090936,3,0,True,False,False,False,False,False,True,False,False,True,False,False,True,0.32745358534800983
780,1,0.5350590600653431,0.41250332793836464,2,0,False,False,False,True,False,True,False,False,True,False,False,False,True,0.9935225864792148
756,1,0.0031414928373963316,0.028302115124416098,3,0,True,False,False,False,False,False,True,False,False,True,False,False,True,0.5644073979956471
181,0,0.35913546117114853,0.13575255909676823,11,0,False,True,False,False,False,False,False,True,True,False,False,False,True,0.8247004549771353
402,0,0.32143754712239253,0.015712553569072387,1,1,False,False,True,False,False,False,False,True,False,True,False,False,True,0.2731069746764362
421,0,0.35913546117114853,0.015411575213749284,1,1,False,False,True,False,False,False,False,True,False,True,True,False,False,0.3834973026489866
236,0,0.35913546117114853,0.014736618564782174,1,1,False,True,False,False,False,False,False,True,True,False,False,False,True,0.5225862253218967
806,0,0.38426740387031916,0.015175789316712771,1,1,False,False,True,False,False,False,False,True,False,True,False,False,True,0.94774936028336
582,1,0.4847951746670017,0.21642978772242535,3,0,False,False,False,True,False,True,False,False,True,False,True,False,False,0.5927867019977432
123,0,0.40311636089469716,0.058694292654020104,2,0,False,False,True,False,False,False,True,False,False,True,True,False,False,0.5070628040049706
499,0,0.3088715757728072,0.29580589980036276,4,0,False,False,False,True,False,True,False,False,True,False,False,False,True,0.7118872663785618
247,0,0.3088715757728072,0.015175789316712771,1,1,False,True,False,False,False,False,False,True,True,False,False,False,True,0.771484005268233
35,0,0.3465694898215632,0.16038672010106,2,0,False,False,True,False,False,True,False,False,False,True,True,False,False,0.44335096201326485
523,0,0.35913546117114853,0.014102260811993537,1,1,False,False,True,False,False,False,False,True,False,True,True,False,False,0.48859581920151685
445,1,0.35913546117114853,0.015834545444608664,1,1,False,False,True,False,False,False,False,True,False,True,False,False,True,0.7132450774411425
648,1,0.6984166876099522,0.06929138530460492,1,1,False,False,False,False,True,True,False,False,False,True,True,False,False,0.2958978620906457
219,1,0.39683337521990447,0.14891148113361488,1,1,False,True,False,False,False,True,False,False,True,False,True,False,False,0.2006158085697981
556,0,0.7738125157074642,0.051822148727810165,1,1,False,False,True,False,False,True,False,False,False,True,False,False,True,0.41855431776498786
465,0,0.35913546117114853,0.015712553569072387,1,1,False,False,True,False,False,False,False,True,False,True,False,False,True,0.7194737344893857
520,0,0.39683337521990447,0.015411575213749284,1,1,False,False,True,False,False,False,False,True,False,True,False,False,True,0.4776433386499529
684,0,0.17064589092736868,0.09154270340242172,8,0,False,False,True,False,False,False,False,True,False,True,False,False,True,0.9738460064788249
275,1,0.35913546117114853,0.015126992566498259,1,1,False,True,False,False,False,False,False,True,True,False,False,True,False,0.32597412635261824
206,0,0.01985423473234481,0.02042143996477265,2,0,False,True,False,False,False,False,False,True,True,False,False,False,True,0.37150780771396197
59,1,0.05755214878110078,0.05416439273810667,4,0,False,True,False,False,False,False,True,False,True,False,False,False,True,0.9720455259033695
401,1,0.4847951746670017,0.015468569817999833,1,1,False,False,True,False,False,False,False,True,False,True,False,False,True,0.7373808595583521
118,0,0.35913546117114853,0.04098927018018883,2,0,False,False,True,False,False,False,True,False,False,True,False,False,True,0.3402339528373949
262,1,0.032420206081930136,0.061264319894317944,7,0,True,False,False,False,False,False,False,True,False,True,False,False,True,0.3799964883950345
180,0,0.4470972606182458,0.0,1,1,False,False,True,False,False,False,False,True,False,True,False,False,True,0.7332956023820622
97,0,0.8869062578537321,0.06764049365134761,1,1,False,False,True,False,False,True,False,False,False,True,True,False,False,0.9613521934135819
230,0,0.35913546117114853,0.04970768794751499,5,0,False,True,False,False,False,False,False,True,True,False,False,False,True,0.7173444278767053
133,0,0.5853229454636844,0.028302115124416098,2,0,False,False,False,True,False,False,False,True,True,False,False,False,True,0.8114014153748366
792,0,0.19577783362653933,0.050748620223090936,1,1,False,False,True,False,False,False,True,False,False,True,False,False,True,0.23451617312798356
28,0,0.23347574767529528,0.5133418122566505,6,0,False,False,True,False,False,True,False,False,False,True,False,False,True,0.543269043871318
667,0,0.3088715757728072,0.025374310111545468,1,1,False,False,True,False,False,False,True,False,False,True,False,False,True,0.4611307095548385
591,0,0.43453128926866047,0.013907073811135496,1,1,False,False,True,False,False,False,False,True,False,True,False,False,True,0.6236283292950614
834,0,0.2837396330736366,0.015330377421392339,1,1,False,False,True,False,False,False,False,True,False,True,False,False,True,0.3436936710106805
343,0,0.3465694898215632,0.025374310111545468,1,1,False,False,True,False,False,False,True,False,False,True,False,False,True,0.6132001815084313
844,0,0.4282483035938678,0.012565163180236457,1,1,False,False,True,False,False,False,False,True,False,True,True,False,False,0.2517817078653488
540,1,0.2711736617240513,0.09661756542473081,3,0,False,True,False,False,False,True,False,False,True,False,True,False,False,0.9584605346519388
474,1,0.2837396330736366,0.026919605597338588,1,1,False,False,False,True,False,False,True,False,True,False,True,False,False,0.8147208033904697
57,1,0.2586076903744659,0.020494635090094415,1,1,False,True,False,False,False,False,True,False,True,False,False,False,True,0.420103554589757
461,1,0.5978889168132696,0.051822148727810165,1,1,False,False,True,False,False,True,False,False,False,True,False,False,True,0.27868123157491553
883,0,0.2711736617240513,0.02052723131923771,1,1,False,True,False,False,False,False,False,True,True,False,False,False,True,0.6915821809413859
372,0,0.22090977632570996,0.012678957201736696,2,0,False,False,True,False,False,False,False,True,False,True,False,False,True,0.7408156364386279
34,0,0.8240764011058055,0.020494635090094415,1,1,False,False,True,False,False,False,True,False,False,True,False,False,True,0.6850244527227007
565,0,0.35913546117114853,0.015712553569072387,1,1,False,True,False,False,False,False,False,True,True,False,False,False,True,0.8394000292514839
311,1,0.2963056044232219,0.16231419173453318,1,1,False,True,False,False,False,True,False,False,True,False,True,False,False,0.16994881664808925
376,1,0.35913546117114853,0.16038672010106,2,0,False,False,False,True,False,True,False,False,True,False,True,False,False,0.883036724658368
502,0,0.2586076903744659,0.015126992566498259,1,1,False,True,False,False,False,False,False,True,True,False,False,True,False,0.22345587190129657
234,1,0.05755214878110078,0.061264319894317944,7,0,False,True,False,False,False,False,False,True,True,False,False,False,True,0.3637571385624654
356,0,0.3465694898215632,0.018542765081513996,1,1,False,False,True,False,False,False,False,True,False,True,False,False,True,0.8064366681010672
503,0,0.35913546117114853,0.014891206669461744,1,1,False,True,False,False,False,False,False,True,True,False,False,True,False,0.29222318463350305
677,0,0.3025885900980146,0.015712553569072387,1,1,False,False,True,False,False,False,False,True,False,True,False,False,True,0.22891051432414433
132,0,0.24604171902488062,0.013760683560491965,1,1,False,False,True,False,False,False,False,True,False,True,False,False,True,0.550260127836184
584,0,0.4470972606182458,0.07831878409428937,1,1,False,False,True,False,False,True,False,False,False,True,True,False,False,0.8736895606662092
108,1,0.35913546117114853,0.015175789316712771,1,1,False,False,True,False,False,False,False,True,False,True,False,False,True,0.9079088670856311
865,0,0.2963056044232219,0.025374310111545468,1,1,False,False,True,False,False,False,True,False,False,True,False,False,True,0.6542729734591335
384,1,0.43453128926866047,0.10149724044618187,2,0,False,False,False,True,False,True,False,False,True,False,False,False,True,0.20921967040745115
573,1,0.4470972606182458,0.051504969851415845,1,1,False,False,True,False,False,True,False,False,False,True,False,False,True,0.7711696180421722
220,0,0.37170143252073384,0.020494635090094415,1,1,False,False,True,False,False,False,True,False,False,True,False,False,True,0.36475692401820825
451,0,0.4470972606182458,0.05416439273810667,4,0,False,False,True,False,False,False,True,False,False,True,False,False,True,0.7992513625667735
785,0,0.3088715757728072,0.013760683560491965,1,1,False,False,True,False,False,False,False,True,False,True,False,False,True,0.45098627901669575
888,1,0.23347574767529528,0.05855610025741261,1,1,False,True,False,False,False,True,False,False,True,False,False,False,True,0.8604334614459087
258,1,0.37170143252073384,0.16883675574220638,1,1,False,True,False,False,False,True,False,False,True,False,False,False,True,0.8999790117478249
593,0,0.5853229454636844,0.014151057562208049,1,1,False,False,True,False,False,False,False,True,False,True,False,False,True,0.9862475409782555
342,1,0.2963056044232219,0.5133418122566505,6,0,False,True,False,False,False,True,False,False,True,False,False,False,True,0.9986352054670704
600,1,0.610454888162855,0.11111839809247648,2,0,False,False,False,False,True,True,False,False,False,True,True,False,False,0.99457319912989
623,1,0.24604171902488062,0.030725752114070404,3,0,False,False,True,False,False,False,False,True,False,True,True,False,False,0.4568040090891622
635,0,0.10781603417944208,0.05445717323939373,6,0,False,True,False,False,False,False,False,True,True,False,False,False,True,0.9974205784272452
112,0,0.17692887660216136,0.028212719478023115,2,0,False,True,False,False,False,False,False,True,True,False,True,False,False,0.5882090729486195
866,1,0.5224930887157577,0.025374310111545468,1,1,False,False,False,True,False,False,True,False,True,False,False,False,True,0.5236921970982278
83,1,0.35913546117114853,0.015200187691820024,1,1,False,True,False,False,False,False,False,True,True,False,False,True,False,0.4555648553522168
739,0,0.35913546117114853,0.015411575213749284,1,1,False,False,True,False,False,False,False,True,False,True,False,False,True,0.8253368744300877
873,0,0.4093993465694898,0.009759350042902102,1,1,False,False,True,False,False,True,False,False,False,True,False,False,True,0.40408942238173995
345,0,0.4470972606182458,0.025374310111545468,1,1,False,False,True,False,False,False,True,False,False,True,False,False,True,0.5123386703913707
848,0,0.43453128926866047,0.015411575213749284,1,1,False,False,True,False,False,False,False,True,False,True,True,False,False,0.7174870266307319
443,0,0.3088715757728072,0.015175789316712771,2,0,False,False,True,False,False,False,False,True,False,True,False,False,True,0.44647936077536
244,0,0.2711736617240513,0.013907073811135496,1,1,False,False,True,False,False,False,False,True,False,True,False,False,True,0.5923333765076584
659,0,0.2837396330736366,0.025374310111545468,1,1,False,False,True,False,False,False,True,False,False,True,False,False,True,0.60506389257564
200,0,0.2963056044232219,0.025374310111545468,1,1,False,True,False,False,False,False,True,False,True,False,False,False,True,0.49471453548782895
641,0,0.24604171902488062,0.015330377421392339,1,1,False,False,True,False,False,False,False,True,False,True,False,False,True,0.20543175869341146
233,0,0.7361146016587082,0.026350245115835676,1,1,False,False,True,False,False,False,True,False,False,True,False,False,True,0.8356340021718371
671,1,0.4973611460165871,0.0761229303346364,3,0,False,False,False,True,False,False,True,False,True,False,False,False,True,0.1760565574968539
463,0,0.5853229454636844,0.07514699533034619,1,1,False,False,True,False,False,True,False,False,False,True,False,False,True,0.3759085817558404
51,0,0.08268409148027142,0.07746484096553544,6,0,True,False,False,False,False,False,False,True,False,True,False,False,True,0.3564074170620962
882,0,0.4093993465694898,0.015411575213749284,1,1,False,False,True,False,False,False,False,True,False,True,False,False,True,0.5630576189126291
797,1,0.610454888162855,0.050610427826483444,1,1,False,False,False,False,True,True,False,False,True,False,False,False,True,0.6924463957980356
313,0,0.32143754712239253,0.050748620223090936,3,0,False,False,False,True,False,False,True,False,True,False,False,False,True,0.9650997558666135
745,1,0.38426740387031916,0.015468569817999833,1,1,False,False,True,False,False,False,False,True,False,True,False,False,True,0.6299256269784713
333,0,0.4722292033174164,0.2995388511917728,2,0,False,False,True,False,False,True,False,False,False,True,False,False,True,0.30184391495344653
201,0,0.3465694898215632,0.018542765081513996,1,1,False,False,True,False,False,False,False,True,False,True,False,False,True,0.4812622884541188
323,1,0.37170143252073384,0.024105594605968193,1,1,False,True,False,False,False,False,True,False,True,False,False,True,False,0.7573307591464579
422,0,0.2586076903744659,0.015094396337354966,1,1,False,False,True,False,False,False,False,True,False,True,False,True,False,0.9141790750086133
213,0,0.2711736617240513,0.014151057562208049,1,1,False,False,True,False,False,False,False,True,False,True,False,False,True,0.737052762111031
138,0,0.4596632319678311,0.10364429745562033,2,0,False,False,True,False,False,True,False,False,False,True,False,False,True,0.8504102337554754
876,1,0.18321186227695402,0.014102260811993537,1,1,False,True,False,False,False,False,False,True,True,False,True,False,False,0.8918309633626516
391,1,0.4470972606182458,0.23422440102965045,4,0,False,False,True,False,False,True,False,False,False,True,False,False,True,0.3205805389634201
699,0,0.610454888162855,0.21642978772242535,3,0,False,False,True,False,False,True,False,False,False,True,True,False,False,0.7182601800816665
696,0,0.648152802211611,0.026350245115835676,1,1,False,False,True,False,False,False,True,False,False,True,False,False,True,0.953099821751265
155,0,0.35913546117114853,0.014273049437744325,1,1,False,False,True,False,False,False,False,True,False,True,False,False,True,0.8628535808883973
413,1,0.4093993465694898,0.17566830077223786,2,0,False,True,False,False,False,True,False,False,True,False,False,True,False,0.21721748723529122
645,1,0.004146770545363157,0.03758969818624431,4,0,False,True,False,False,False,False,False,True,True,False,True,False,False,0.8044312203854411
55,0,0.8115104297562201,0.1209753416358076,2,0,False,False,True,False,False,True,False,False,False,True,True,False,False,0.7423517360658496
205,1,0.22090977632570996,0.015712553569072387,1,1,False,False,True,False,False,False,False,True,False,True,False,False,True,0.6111918483353072
74,0,0.32143754712239253,0.028212719478023115,2,0,False,False,True,False,False,False,False,True,False,True,True,False,False,0.39386732248283196
130,0,0.5601910027645137,0.013614293309848433,1,1,False,False,True,False,False,False,False,True,False,True,False,False,True,0.6123687539580073
711,1,0.2963056044232219,0.09662576327876685,1,1,False,True,False,False,False,True,False,False,True,False,True,False,False,0.9074038500450078
