PassengerId,Survived,Age,Fare,Companion,Isalone,Title_Master,Title_Miss,Title_Mr,Title_Mrs,Title_Rare,Pclass_1,Pclass_2,Pclass_3,Sex_female,Sex_male,Embarked_C,Embarked_Q,Embarked_S,rands
361,0,0.4973611460165871,0.05445717323939373,6,0,False,False,True,False,False,False,False,True,False,True,False,False,True,0.3881699262065219
36,0,0.5224930887157577,0.10149724044618187,2,0,False,False,True,False,False,True,False,False,False,True,False,False,True,0.8083973481164611
664,0,0.4470972606182458,0.014630827210317115,1,1,False,False,True,False,False,False,False,True,False,True,False,False,True,0.23722679173599448
266,0,0.4470972606182458,0.020494635090094415,1,1,False,False,True,False,False,False,True,False,False,True,False,False,True,0.7407686177542044
445,1,0.35913546117114853,0.015834545444608664,1,1,False,False,True,False,False,False,False,True,False,True,False,False,True,0.8127995672575026
533,0,0.20834380497612465,0.014110458666029575,3,0,False,False,True,False,False,False,False,True,False,True,True,False,False,0.9966368370739054
697,0,0.5476250314149284,0.015712553569072387,1,1,False,False,True,False,False,False,False,True,False,True,False,False,True,0.28863055324025577
382,1,0.007288263382759489,0.030725752114070404,3,0,False,True,False,False,False,False,False,True,True,False,True,False,False,0.6967371653641506
405,0,0.24604171902488062,0.016908073949327893,1,1,False,True,False,False,False,False,False,True,True,False,False,False,True,0.32004960103061175
708,1,0.5224930887157577,0.05130978285055781,1,1,False,False,True,False,False,True,False,False,False,True,False,False,True,0.8098744458546349
10,1,0.17064589092736868,0.058694292654020104,2,0,False,False,False,True,False,False,True,False,True,False,True,False,False,0.7080725777960455
546,0,0.7989444584066349,0.050748620223090936,1,1,False,False,True,False,False,True,False,False,False,True,False,False,True,0.3581627180328405
863,1,0.5978889168132696,0.050610427826483444,1,1,False,False,False,True,False,True,False,False,True,False,False,False,True,0.52439026932758
820,0,0.12038200552902739,0.05445717323939373,6,0,True,False,False,False,False,False,False,True,False,True,False,False,True,0.3351972416459009
222,0,0.33400351847197784,0.025374310111545468,1,1,False,False,True,False,False,False,True,False,False,True,False,False,True,0.5683086033354716
479,0,0.2711736617240513,0.014679623960531627,1,1,False,False,True,False,False,False,False,True,False,True,False,False,True,0.969302535619099
481,0,0.10781603417944208,0.09154270340242172,8,0,True,False,False,False,False,False,False,True,False,True,False,False,True,0.6293986381352625
419,0,0.37170143252073384,0.025374310111545468,1,1,False,False,True,False,False,False,True,False,False,True,False,False,True,0.6725184560770384
447,1,0.15807991957778336,0.0380614651673182,2,0,False,True,False,False,False,False,True,False,True,False,False,False,True,0.9860010638228709
790,0,0.572756974114099,0.15458810467956932,1,1,False,False,True,False,False,True,False,False,False,True,True,False,False,0.9472833396118153
602,0,0.35913546117114853,0.015411575213749284,1,1,False,False,True,False,False,False,False,True,False,True,False,False,True,0.2785903390319586
660,0,0.7235486303091229,0.22109807522194713,3,0,False,False,True,False,False,True,False,False,False,True,True,False,False,0.5707783046689119
368,1,0.35913546117114853,0.014110458666029575,1,1,False,False,False,True,False,False,False,True,True,False,True,False,False,0.9053506419560637
560,1,0.4470972606182458,0.033962538149299316,2,0,False,False,False,True,False,False,False,True,True,False,False,False,True,0.6203095513534647
816,0,0.35913546117114853,0.0,1,1,False,False,True,False,False,True,False,False,False,True,False,False,True,0.5188380571260721
556,0,0.7738125157074642,0.051822148727810165,1,1,False,False,True,False,False,True,False,False,False,True,False,False,True,0.40348286621239704
696,0,0.648152802211611,0.026350245115835676,1,1,False,False,True,False,False,False,True,False,False,True,False,False,True,0.6106200424416326
47,0,0.35913546117114853,0.030253985132996517,2,0,False,False,True,False,False,False,False,True,False,True,False,True,False,0.31171107608941095
282,0,0.3465694898215632,0.015330377421392339,1,1,False,False,True,False,False,False,False,True,False,True,False,False,True,0.3379951568515358
122,0,0.35913546117114853,0.015712553569072387,1,1,False,False,True,False,False,False,False,True,False,True,False,False,True,0.8960912999234932
68,0,0.23347574767529528,0.015923941091001644,1,1,False,False,True,False,False,False,False,True,False,True,False,False,True,0.8021969807540397
366,0,0.37170143252073384,0.014151057562208049,1,1,False,False,True,False,False,False,False,True,False,True,False,False,True,0.38610263780077425
763,1,0.24604171902488062,0.014110458666029575,1,1,False,False,True,False,False,False,False,True,False,True,True,False,False,0.24848913981446574
289,1,0.5224930887157577,0.025374310111545468,1,1,False,False,True,False,False,False,True,False,False,True,False,False,True,0.2865412521282844
584,0,0.4470972606182458,0.07831878409428937,1,1,False,False,True,False,False,True,False,False,False,True,True,False,False,0.3287516102875082
881,1,0.3088715757728072,0.050748620223090936,2,0,False,False,False,True,False,False,True,False,True,False,False,False,True,0.2310747965880714
411,0,0.35913546117114853,0.015411575213749284,1,1,False,False,True,False,False,False,False,True,False,True,False,False,True,0.31931363759041487
692,1,0.04498617743151546,0.026187654344120927,2,0,False,True,False,False,False,False,False,True,True,False,True,False,False,0.4254364386164168
131,0,0.4093993465694898,0.015411575213749284,1,1,False,False,True,False,False,False,False,True,False,True,True,False,False,0.417411003148779
114,0,0.24604171902488062,0.019177122834302632,2,0,False,True,False,False,False,False,False,True,True,False,False,False,True,0.808120379564417
675,0,0.35913546117114853,0.0,1,1,False,False,True,False,False,False,True,False,False,True,False,False,True,0.4103968269896615
728,1,0.35913546117114853,0.015102594191391002,1,1,False,True,False,False,False,False,False,True,True,False,False,True,False,0.7952673118598902
648,1,0.6984166876099522,0.06929138530460492,1,1,False,False,False,False,True,True,False,False,False,True,True,False,False,0.6791023191444896
278,0,0.35913546117114853,0.0,1,1,False,False,True,False,False,False,True,False,False,True,False,False,True,0.6499639307777652
414,0,0.35913546117114853,0.0,1,1,False,False,True,False,False,False,True,False,False,True,False,False,True,0.5734378881232861
630,0,0.35913546117114853,0.015094396337354966,1,1,False,False,True,False,False,False,False,True,False,True,False,True,False,0.25243694434402075
379,0,0.24604171902488062,0.007831878409428937,1,1,False,False,True,False,False,False,False,True,False,True,True,False,False,0.8144684825889358
537,0,0.5601910027645137,0.051822148727810165,1,1,False,False,False,False,True,True,False,False,False,True,False,False,True,0.8496473906774115
233,0,0.7361146016587082,0.026350245115835676,1,1,False,False,True,False,False,False,True,False,False,True,False,False,True,0.5769038846263591
880,1,0.6984166876099522,0.16231419173453318,2,0,False,False,False,True,False,True,False,False,True,False,True,False,False,0.22197216193294944
443,0,0.3088715757728072,0.015175789316712771,2,0,False,False,True,False,False,False,False,True,False,True,False,False,True,0.3742707957561203
526,0,0.5036441316913798,0.015126992566498259,1,1,False,False,True,False,False,False,False,True,False,True,False,True,False,0.4686931597949703
521,1,0.37170143252073384,0.18249984580226933,1,1,False,True,False,False,False,True,False,False,True,False,False,False,True,0.5941307153521351
179,0,0.37170143252073384,0.025374310111545468,1,1,False,False,True,False,False,False,True,False,False,True,False,False,True,0.9367299887367345
541,1,0.4470972606182458,0.13858277060920984,3,0,False,True,False,False,False,True,False,False,True,False,False,False,True,0.9540510272587224
613,1,0.35913546117114853,0.030253985132996517,2,0,False,True,False,False,False,False,False,True,True,False,False,True,False,0.6279003894909078
145,0,0.22090977632570996,0.022446505098674834,1,1,False,False,True,False,False,False,True,False,False,True,False,False,True,0.2848404943774676
687,0,0.17064589092736868,0.07746484096553544,6,0,False,False,True,False,False,False,False,True,False,True,False,False,True,0.5716126894698998
866,1,0.5224930887157577,0.025374310111545468,1,1,False,False,False,True,False,False,True,False,True,False,False,False,True,0.5596403313082179
538,1,0.37170143252073384,0.20772776566317125,1,1,False,True,False,False,False,True,False,False,True,False,True,False,False,0.24734810174319766
593,0,0.5853229454636844,0.014151057562208049,1,1,False,False,True,False,False,False,False,True,False,True,False,False,True,0.18188008439914483
256,1,0.35913546117114853,0.029757819776815374,3,0,False,False,False,True,False,False,False,True,True,False,True,False,False,0.5568012624583502
337,0,0.35913546117114853,0.12999454257145598,2,0,False,False,True,False,False,True,False,False,False,True,False,False,True,0.8554605840110072
490,1,0.10781603417944208,0.031034733136428686,3,0,True,False,False,False,False,False,False,True,False,True,False,False,True,0.8902637838909163
549,0,0.4093993465694898,0.04006213192611313,3,0,False,False,True,False,False,False,False,True,False,True,False,False,True,0.5203077009037933
741,1,0.35913546117114853,0.05855610025741261,1,1,False,False,True,False,False,True,False,False,False,True,False,False,True,0.46267978566960644
304,1,0.35913546117114853,0.024105594605968193,1,1,False,True,False,False,False,False,True,False,True,False,False,True,False,0.6374299014982066
197,0,0.35913546117114853,0.015126992566498259,1,1,False,False,True,False,False,False,False,True,False,True,False,True,False,0.7259556788702394
484,1,0.7863784870570495,0.018713553707264782,1,1,False,False,False,True,False,False,False,True,True,False,False,False,True,0.6275580800840634
377,1,0.2711736617240513,0.014151057562208049,1,1,False,True,False,False,False,False,False,True,True,False,False,False,True,0.8448753109694546
246,0,0.5476250314149284,0.17566830077223786,3,0,False,False,False,False,True,True,False,False,False,True,False,True,False,0.9283185625877254
870,1,0.04498617743151546,0.021730754366528396,3,0,True,False,False,False,False,False,False,True,False,True,False,False,True,0.9461154621336327
258,1,0.37170143252073384,0.16883675574220638,1,1,False,True,False,False,False,True,False,False,True,False,False,False,True,0.696029796674973
420,0,0.12038200552902739,0.04713766070721715,3,0,False,True,False,False,False,False,False,True,True,False,False,False,True,0.75237452943768
658,0,0.39683337521990447,0.030253985132996517,3,0,False,False,False,True,False,False,False,True,True,False,False,True,False,0.3630822963986351
458,1,0.35913546117114853,0.10122885832000206,2,0,False,False,False,True,False,True,False,False,True,False,False,False,True,0.46866064199412627
502,0,0.2586076903744659,0.015126992566498259,1,1,False,True,False,False,False,False,False,True,True,False,False,True,False,0.5360963663441204
436,1,0.17064589092736868,0.23422440102965045,4,0,False,True,False,False,False,True,False,False,True,False,False,False,True,0.70096913145912
610,1,0.4973611460165871,0.2995388511917728,1,1,False,True,False,False,False,True,False,False,True,False,False,False,True,0.6903948286293653
550,1,0.09525006282985675,0.07173122281533045,3,0,True,False,False,False,False,False,True,False,False,True,False,False,True,0.7723183917356393
500,0,0.2963056044232219,0.015216388212891242,1,1,False,False,True,False,False,False,False,True,False,True,False,False,True,0.9862107444796029
341,1,0.01985423473234481,0.050748620223090936,3,0,True,False,False,False,False,False,True,False,False,True,False,False,True,0.49161587511683236
132,0,0.24604171902488062,0.013760683560491965,1,1,False,False,True,False,False,False,False,True,False,True,False,False,True,0.22210781047073025
48,1,0.35913546117114853,0.015126992566498259,1,1,False,True,False,False,False,False,False,True,True,False,False,True,False,0.5200680211778108
628,1,0.2586076903744659,0.15216446768991498,1,1,False,True,False,False,False,True,False,False,True,False,False,False,True,0.7474709381337565
117,0,0.8806232721789394,0.015126992566498259,1,1,False,False,True,False,False,False,False,True,False,True,False,True,False,0.8036720768991145
155,0,0.35913546117114853,0.014273049437744325,1,1,False,False,True,False,False,False,False,True,False,True,False,False,True,0.9856504541106007
141,0,0.35913546117114853,0.029757819776815374,3,0,False,False,False,True,False,False,False,True,True,False,True,False,False,0.9624472949421112
839,1,0.39683337521990447,0.11027245763075773,1,1,False,False,True,False,False,False,False,True,False,True,False,False,True,0.5805883502780435
150,0,0.5224930887157577,0.025374310111545468,1,1,False,False,False,False,True,False,True,False,False,True,False,False,True,0.27864646423661144
539,0,0.35913546117114853,0.028302115124416098,1,1,False,False,True,False,False,False,False,True,False,True,False,False,True,0.4505441353100935
698,1,0.35913546117114853,0.015094396337354966,1,1,False,True,False,False,False,False,False,True,True,False,False,True,False,0.5812382214226123
736,0,0.35285247549635584,0.031425107138144774,1,1,False,False,True,False,False,False,False,True,False,True,False,False,True,0.8772005408131083
204,0,0.5664739884393063,0.014102260811993537,1,1,False,False,True,False,False,False,False,True,False,True,True,False,False,0.8985541885270792
123,0,0.40311636089469716,0.058694292654020104,2,0,False,False,True,False,False,False,True,False,False,True,True,False,False,0.3180034749718639
176,0,0.22090977632570996,0.015330377421392339,3,0,False,False,True,False,False,False,False,True,False,True,False,False,True,0.17436642900499144
356,0,0.3465694898215632,0.018542765081513996,1,1,False,False,True,False,False,False,False,True,False,True,False,False,True,0.6424192782063156
631,1,1.0,0.05855610025741261,1,1,False,False,True,False,False,True,False,False,False,True,False,False,True,0.7133495858845524
74,0,0.32143754712239253,0.028212719478023115,2,0,False,False,True,False,False,False,False,True,False,True,True,False,False,0.8154614284548342
582,1,0.4847951746670017,0.21642978772242535,3,0,False,False,False,True,False,True,False,False,True,False,True,False,False,0.980032575285477
869,0,0.35913546117114853,0.018542765081513996,1,1,False,False,True,False,False,False,False,True,False,True,False,False,True,0.8617856210135173
13,0,0.24604171902488062,0.015712553569072387,1,1,False,False,True,False,False,False,False,True,False,True,False,False,True,0.8324426408004217
288,0,0.2711736617240513,0.015411575213749284,1,1,False,False,True,False,False,False,False,True,False,True,False,False,True,0.5426446347075766
852,0,0.9246041719024881,0.015175789316712771,1,1,False,False,True,False,False,False,False,True,False,True,False,False,True,0.7499604703991778
395,1,0.2963056044232219,0.03259622914329302,3,0,False,False,False,True,False,False,False,True,True,False,False,False,True,0.34080354025301784
121,0,0.2586076903744659,0.1434624456306609,3,0,False,False,True,False,False,False,True,False,False,True,False,False,True,0.8074401551640625
107,1,0.2586076903744659,0.014931805565640218,1,1,False,True,False,False,False,False,False,True,True,False,False,False,True,0.41038292303562973
680,1,0.4470972606182458,1.0,2,0,False,False,True,False,False,True,False,False,False,True,True,False,False,0.8655071258939803
504,0,0.4596632319678311,0.018713553707264782,1,1,False,True,False,False,False,False,False,True,True,False,False,False,True,0.8137950197069487
339,1,0.5601910027645137,0.015712553569072387,1,1,False,False,True,False,False,False,False,True,False,True,False,False,True,0.4741738290873252
846,0,0.5224930887157577,0.014736618564782174,1,1,False,False,True,False,False,False,False,True,False,True,False,False,True,0.41462412372702373
784,0,0.35913546117114853,0.04577135170121086,4,0,False,False,True,False,False,False,False,True,False,True,False,False,True,0.34569599350391944
739,0,0.35913546117114853,0.015411575213749284,1,1,False,False,True,False,False,False,False,True,False,True,False,False,True,0.4391349085702184
468,0,0.6984166876099522,0.051822148727810165,1,1,False,False,True,False,False,True,False,False,False,True,False,False,True,0.8685991281894603
726,0,0.24604171902488062,0.016908073949327893,1,1,False,False,True,False,False,False,False,True,False,True,False,False,True,0.8418287767582721
380,0,0.23347574767529528,0.015175789316712771,1,1,False,False,True,False,False,False,False,True,False,True,False,False,True,0.28185477477339993
579,0,0.35913546117114853,0.028220722145058292,2,0,False,False,False,True,False,False,False,True,True,False,True,False,False,0.4921162930795382
298,0,0.01985423473234481,0.29580589980036276,4,0,False,True,False,False,False,True,False,False,True,False,False,False,True,0.21582102749684318
742,0,0.4470972606182458,0.15390495017656614,2,0,False,False,True,False,False,True,False,False,False,True,False,False,True,0.3013778741641421
342,1,0.2963056044232219,0.5133418122566505,6,0,False,True,False,False,False,True,False,False,True,False,False,False,True,0.4734717707805657
102,0,0.35913546117114853,0.015411575213749284,1,1,False,False,True,False,False,False,False,True,False,True,False,False,True,0.6364104112637804
638,0,0.38426740387031916,0.05123658772523604,3,0,False,False,True,False,False,False,True,False,False,True,False,False,True,0.24247050363472966
891,0,0.39683337521990447,0.015126992566498259,1,1,False,False,True,False,False,False,False,True,False,True,False,True,False,0.7222669318556592
17,0,0.01985423473234481,0.056848213999904744,6,0,True,False,False,False,False,False,False,True,False,True,False,True,False,0.3042422429595377
183,0,0.10781603417944208,0.061264319894317944,7,0,True,False,False,False,False,False,False,True,False,True,False,False,True,0.9246936182785628
384,1,0.43453128926866047,0.10149724044618187,2,0,False,False,False,True,False,True,False,False,True,False,False,False,True,0.877472013527053
555,1,0.2711736617240513,0.015175789316712771,1,1,False,True,False,False,False,False,False,True,True,False,False,False,True,0.876653602658345
77,0,0.35913546117114853,0.015411575213749284,1,1,False,False,True,False,False,False,False,True,False,True,False,False,True,0.7712703466859457
770,0,0.39683337521990447,0.016322512946753766,1,1,False,False,True,False,False,False,False,True,False,True,False,False,True,0.8212573046720129
606,0,0.4470972606182458,0.030351578633425542,2,0,False,False,True,False,False,False,False,True,False,True,False,False,True,0.46077876803272577
358,0,0.4722292033174164,0.025374310111545468,1,1,False,True,False,False,False,False,True,False,True,False,False,False,True,0.5857755812734633
861,0,0.5099271173661724,0.027537567642055148,3,0,False,False,True,False,False,False,False,True,False,True,False,False,True,0.7755276166950106
583,0,0.6732847449107816,0.050748620223090936,1,1,False,False,True,False,False,False,True,False,False,True,False,False,True,0.4926180939928696
509,0,0.3465694898215632,0.04396587194327397,1,1,False,False,True,False,False,False,False,True,False,True,False,False,True,0.949799913291924
886,0,0.4847951746670017,0.056848213999904744,6,0,False,False,False,True,False,False,False,True,True,False,False,True,False,0.1785446620543336
353,0,0.18321186227695402,0.014110458666029575,3,0,False,False,True,False,False,False,False,True,False,True,True,False,False,0.658693631618945
592,1,0.648152802211611,0.1527664244005612,2,0,False,False,False,True,False,True,False,False,True,False,True,False,False,0.6408747448032146
817,0,0.2837396330736366,0.015468569817999833,1,1,False,True,False,False,False,False,False,True,True,False,False,False,True,0.5912754357449292
531,1,0.01985423473234481,0.050748620223090936,3,0,False,True,False,False,False,False,True,False,True,False,False,False,True,0.8129010091300776
874,0,0.5853229454636844,0.017566830077223785,1,1,False,False,True,False,False,False,False,True,False,True,False,False,True,0.4087341710980964
720,0,0.4093993465694898,0.015175789316712771,1,1,False,False,True,False,False,False,False,True,False,True,False,False,True,0.7308674752036443
190,0,0.4470972606182458,0.015411575213749284,1,1,False,False,True,False,False,False,False,True,False,True,False,False,True,0.24185229090045168
871,0,0.32143754712239253,0.015411575213749284,1,1,False,False,True,False,False,False,False,True,False,True,False,False,True,0.37330931627975295
882,0,0.4093993465694898,0.015411575213749284,1,1,False,False,True,False,False,False,False,True,False,True,False,False,True,0.6718927435987284
688,0,0.23347574767529528,0.019852079483269742,1,1,False,False,True,False,False,False,False,True,False,True,False,False,True,0.2799790936602842
327,0,0.7612465443578789,0.012174789178520372,1,1,False,False,True,False,False,False,False,True,False,True,False,False,True,0.5543540525114007
497,1,0.6732847449107816,0.1527664244005612,2,0,False,True,False,False,False,True,False,False,True,False,True,False,False,0.5836561118508721
858,1,0.6355868308620256,0.051822148727810165,1,1,False,False,True,False,False,True,False,False,False,True,False,False,True,0.47206694510999925
855,0,0.5476250314149284,0.050748620223090936,2,0,False,False,False,True,False,False,True,False,True,False,False,False,True,0.20513964048200717
545,0,0.6230208595124404,0.20772776566317125,2,0,False,False,True,False,False,True,False,False,False,True,True,False,False,0.6181282404578958
351,0,0.2837396330736366,0.01800600082915438,1,1,False,False,True,False,False,False,False,True,False,True,False,False,True,0.5031362585800877
400,1,0.3465694898215632,0.02469115560854232,1,1,False,False,False,True,False,False,True,False,True,False,False,False,True,0.7545428740846823
463,0,0.5853229454636844,0.07514699533034619,1,1,False,False,True,False,False,True,False,False,False,True,False,False,True,0.7460448792654233
389,0,0.35913546117114853,0.015086393670319786,1,1,False,False,True,False,False,False,False,True,False,True,False,True,False,0.7506147516408583
1,0,0.2711736617240513,0.014151057562208049,2,0,False,False,True,False,False,False,False,True,False,True,False,False,True,0.3745401188473625
823,0,0.4722292033174164,0.0,1,1,False,False,False,False,True,True,False,False,False,True,False,False,True,0.3334991716911442
528,0,0.35913546117114853,0.4328841690069588,1,1,False,False,True,False,False,True,False,False,False,True,False,False,True,0.27340707193070624
76,0,0.3088715757728072,0.014931805565640218,1,1,False,False,True,False,False,False,False,True,False,True,False,False,True,0.7290071680409873
485,1,0.3088715757728072,0.17777475888549785,2,0,False,False,True,False,False,True,False,False,False,True,True,False,False,0.5843143119231002
85,1,0.20834380497612465,0.020494635090094415,1,1,False,True,False,False,False,False,True,False,True,False,False,False,True,0.3109823217156622
34,0,0.8240764011058055,0.020494635090094415,1,1,False,False,True,False,False,False,True,False,False,True,False,False,True,0.9488855372533332
175,0,0.6984166876099522,0.05991421140938287,1,1,False,False,True,False,False,True,False,False,False,True,True,False,False,0.6451727904094499
82,1,0.35913546117114853,0.018542765081513996,1,1,False,False,True,False,False,False,False,True,False,True,False,False,True,0.6232981268275579
887,0,0.33400351847197784,0.025374310111545468,1,1,False,False,False,False,True,False,True,False,False,True,False,False,True,0.6527461078518747
599,0,0.35913546117114853,0.014102260811993537,1,1,False,False,True,False,False,False,False,True,False,True,True,False,False,0.19228901880867078
732,0,0.13294797687861273,0.036670757786204655,1,1,False,False,True,False,False,False,False,True,False,True,True,False,False,0.8145747202313821
273,1,0.5099271173661724,0.0380614651673182,2,0,False,False,False,True,False,False,True,False,True,False,False,False,True,0.8670723185801037
890,1,0.32143754712239253,0.05855610025741261,1,1,False,False,True,False,False,True,False,False,False,True,True,False,False,0.24317219099945409
750,0,0.38426740387031916,0.015126992566498259,1,1,False,False,True,False,False,False,False,True,False,True,False,True,False,0.6242379959139921
387,0,0.007288263382759489,0.09154270340242172,8,0,True,False,False,False,False,False,False,True,False,True,False,False,True,0.2820345725713065
151,0,0.6355868308620256,0.02444717185746977,1,1,False,False,False,False,True,False,True,False,False,True,False,False,True,0.9082658859666537
706,0,0.4847951746670017,0.050748620223090936,1,1,False,False,True,False,False,False,True,False,False,True,False,False,True,0.9899602323899452
562,0,0.4973611460165871,0.015411575213749284,1,1,False,False,True,False,False,False,False,True,False,True,False,False,True,0.21296416150891073
211,0,0.2963056044232219,0.013760683560491965,1,1,False,False,True,False,False,False,False,True,False,True,False,False,True,0.5487337893665861
575,0,0.19577783362653933,0.015712553569072387,1,1,False,False,True,False,False,False,False,True,False,True,False,False,True,0.8623637087467452
46,0,0.35913546117114853,0.015712553569072387,1,1,False,False,True,False,False,False,False,True,False,True,False,False,True,0.662522284353982
803,1,0.13294797687861273,0.23422440102965045,4,0,True,False,False,False,False,True,False,False,False,True,False,False,True,0.5762883601668132
306,1,0.0062829856747926615,0.29580589980036276,4,0,True,False,False,False,False,True,False,False,False,True,False,False,True,0.9758520794625346
285,0,0.35913546117114853,0.050748620223090936,1,1,False,False,True,False,False,True,False,False,False,True,False,False,True,0.578280140996174
821,1,0.648152802211611,0.18249984580226933,3,0,False,False,False,True,False,True,False,False,True,False,False,False,True,0.8028534485980114
8,0,0.01985423473234481,0.04113566043083236,5,0,True,False,False,False,False,False,False,True,False,True,False,False,True,0.8661761457749352
636,1,0.3465694898215632,0.025374310111545468,1,1,False,True,False,False,False,False,True,False,True,False,False,False,True,0.44741236682345464
362,0,0.35913546117114853,0.05410739813385612,2,0,False,False,True,False,False,False,True,False,False,True,True,False,False,0.6432882184423532
525,0,0.35913546117114853,0.014110458666029575,1,1,False,False,True,False,False,False,False,True,False,True,True,False,False,0.8383287047111379
746,0,0.8743402865041467,0.13858277060920984,3,0,False,False,False,False,True,True,False,False,False,True,False,False,True,0.8995745732745685
793,0,0.35913546117114853,0.13575255909676823,11,0,False,True,False,False,False,False,False,True,True,False,False,False,True,0.505888678884466
492,0,0.2586076903744659,0.014151057562208049,1,1,False,False,True,False,False,False,False,True,False,True,False,False,True,0.6201325978015367
693,1,0.35913546117114853,0.11027245763075773,1,1,False,False,True,False,False,False,False,True,False,True,False,False,True,0.507610378684455
595,0,0.4596632319678311,0.050748620223090936,2,0,False,False,True,False,False,False,True,False,False,True,False,False,True,0.8967884099060118
119,0,0.2963056044232219,0.4831284260198326,2,0,False,False,True,False,False,True,False,False,False,True,True,False,False,0.8925589984899778
184,1,0.007288263382759489,0.0761229303346364,4,0,True,False,False,False,False,False,True,False,False,True,False,False,True,0.877339353380981
154,0,0.5036441316913798,0.028302115124416098,3,0,False,False,True,False,False,False,False,True,False,True,False,False,True,0.489452760277563
86,1,0.4093993465694898,0.030937139635999665,4,0,False,False,False,True,False,False,False,True,True,False,False,False,True,0.32518332202674705
3,1,0.32143754712239253,0.015468569817999833,1,1,False,True,False,False,False,False,False,True,True,False,False,False,True,0.7319939418114051
578,1,0.4847951746670017,0.1091095334796455,2,0,False,False,False,True,False,True,False,False,True,False,False,False,True,0.9265876251614944
116,0,0.2586076903744659,0.015468569817999833,1,1,False,False,True,False,False,False,False,True,False,True,False,False,True,0.8714605901877177
385,0,0.35913546117114853,0.015411575213749284,1,1,False,False,True,False,False,False,False,True,False,True,False,False,True,0.7350710438038858
134,1,0.35913546117114853,0.050748620223090936,2,0,False,False,False,True,False,False,True,False,True,False,False,False,True,0.33761517140362796
811,0,0.32143754712239253,0.015395374692678068,1,1,False,False,True,False,False,False,False,True,False,True,False,False,True,0.9848411989623346
161,0,0.5476250314149284,0.031425107138144774,2,0,False,False,True,False,False,False,False,True,False,True,False,False,True,0.3677831327192532
640,0,0.35913546117114853,0.031425107138144774,2,0,False,False,True,False,False,False,False,True,False,True,False,False,True,0.37728416310462265
572,1,0.6607187735611962,0.10048070654571319,3,0,False,False,False,True,False,True,False,False,True,False,False,False,True,0.7836530127411431
856,1,0.22090977632570996,0.01824998458022693,2,0,False,False,False,True,False,False,False,True,True,False,False,False,True,0.19068772066366657
394,1,0.2837396330736366,0.22109807522194713,2,0,False,True,False,False,False,True,False,False,True,False,True,False,False,0.7764129607419968
138,0,0.4596632319678311,0.10364429745562033,2,0,False,False,True,False,False,True,False,False,False,True,False,False,True,0.7030189588951778
715,0,0.648152802211611,0.025374310111545468,1,1,False,False,True,False,False,False,True,False,False,True,False,False,True,0.3488682665429953
722,0,0.20834380497612465,0.013768881414528002,2,0,False,False,True,False,False,False,False,True,False,True,False,False,True,0.18123306616566015
594,0,0.35913546117114853,0.015126992566498259,3,0,False,True,False,False,False,False,False,True,True,False,False,True,False,0.3456672833238632
571,1,0.7738125157074642,0.020494635090094415,1,1,False,False,True,False,False,False,True,False,False,True,False,False,True,0.5139894891598108
499,0,0.3088715757728072,0.29580589980036276,4,0,False,False,False,True,False,True,False,False,True,False,False,False,True,0.9743948076661665
650,1,0.2837396330736366,0.014736618564782174,1,1,False,True,False,False,False,False,False,True,True,False,False,False,True,0.4984421989290573
826,0,0.35913546117114853,0.013565496559633922,1,1,False,False,True,False,False,False,False,True,False,True,False,True,False,0.9198556164127605
486,0,0.35913546117114853,0.04970768794751499,5,0,False,True,False,False,False,False,False,True,True,False,False,False,True,0.901158010490989
55,0,0.8115104297562201,0.1209753416358076,2,0,False,False,True,False,False,True,False,False,False,True,True,False,False,0.5978999788110851
398,0,0.572756974114099,0.050748620223090936,1,1,False,False,True,False,False,False,True,False,False,True,False,False,True,0.42899402737501835
14,0,0.4847951746670017,0.06104473451835265,7,0,False,False,True,False,False,False,False,True,False,True,False,False,True,0.21233911067827616
694,0,0.3088715757728072,0.014102260811993537,1,1,False,False,True,False,False,False,False,True,False,True,True,False,False,0.24240973241508024
156,0,0.6355868308620256,0.11980421963065935,2,0,False,False,True,False,False,True,False,False,False,True,True,False,False,0.2420552715115004
762,0,0.5099271173661724,0.013907073811135496,1,1,False,False,True,False,False,False,False,True,False,True,False,False,True,0.31172206779554823
424,0,0.3465694898215632,0.028106928123558056,3,0,False,False,False,True,False,False,False,True,True,False,False,False,True,0.49442030470258147
196,1,0.7235486303091229,0.2859895551532101,1,1,False,True,False,False,False,True,False,False,True,False,True,False,False,0.3492095746126609
778,1,0.05755214878110078,0.024349578357040744,1,1,False,True,False,False,False,False,False,True,True,False,False,False,True,0.7222525683930663
111,0,0.5853229454636844,0.10149724044618187,1,1,False,False,True,False,False,True,False,False,False,True,False,False,True,0.289751452913768
868,0,0.38426740387031916,0.09856123757927521,1,1,False,False,True,False,False,True,False,False,False,True,False,False,True,0.18192813049527112
421,0,0.35913546117114853,0.015411575213749284,1,1,False,False,True,False,False,False,False,True,False,True,True,False,False,0.7915790437258485
804,1,0.0,0.016623491302076868,2,0,True,False,False,False,False,False,False,True,False,True,True,False,False,0.6067150463828559
130,0,0.5601910027645137,0.013614293309848433,1,1,False,False,True,False,False,False,False,True,False,True,False,False,True,0.5107473025775657
322,0,0.33400351847197784,0.015411575213749284,1,1,False,False,True,False,False,False,False,True,False,True,False,False,True,0.7145959227000623
619,1,0.04498617743151546,0.0761229303346364,4,0,False,True,False,False,False,False,True,False,True,False,False,False,True,0.8062012797930613
523,0,0.35913546117114853,0.014102260811993537,1,1,False,False,True,False,False,False,False,True,False,True,True,False,False,0.9699143978146032
767,0,0.35913546117114853,0.07729405233978466,1,1,False,False,False,False,True,True,False,False,False,True,True,False,False,0.7624586857406905
674,1,0.38426740387031916,0.025374310111545468,1,1,False,False,True,False,False,False,True,False,False,True,False,False,True,0.5245113895702547
104,0,0.4093993465694898,0.016891873428256675,1,1,False,False,True,False,False,False,False,True,False,True,False,False,True,0.5085706911647028
752,1,0.0701181201306861,0.024349578357040744,2,0,True,False,False,False,False,False,False,True,False,True,False,False,True,0.9398321236134751
324,1,0.2711736617240513,0.056604230248832196,3,0,False,False,False,True,False,False,True,False,True,False,False,False,True,0.27993389694594284
754,0,0.2837396330736366,0.015411575213749284,1,1,False,False,True,False,False,False,False,True,False,True,False,False,True,0.3349056146570861
566,0,0.2963056044232219,0.04713766070721715,3,0,False,False,True,False,False,False,False,True,False,True,False,False,True,0.5899176868546331
454,1,0.610454888162855,0.17391981561855152,2,0,False,False,True,False,False,True,False,False,False,True,True,False,False,0.906354385094736
652,1,0.22090977632570996,0.04489301019734967,2,0,False,True,False,False,False,False,True,False,True,False,False,False,True,0.5371065418185478
412,0,0.35913546117114853,0.013386510079847098,1,1,False,False,True,False,False,False,False,True,False,True,False,True,False,0.9500619670508049
217,1,0.33400351847197784,0.015468569817999833,1,1,False,True,False,False,False,False,False,True,True,False,False,False,True,0.3253996981592677
136,0,0.2837396330736366,0.02936744577509929,1,1,False,False,True,False,False,False,True,False,False,True,True,False,False,0.32320293202075523
729,0,0.3088715757728072,0.050748620223090936,2,0,False,False,True,False,False,False,True,False,False,True,False,False,True,0.20162732004774453
669,0,0.5350590600653431,0.015712553569072387,1,1,False,False,True,False,False,False,False,True,False,True,False,False,True,0.18656702405130576
216,1,0.38426740387031916,0.22109807522194713,2,0,False,True,False,False,False,True,False,False,True,False,True,False,False,0.23724908749680007
328,1,0.4470972606182458,0.025374310111545468,1,1,False,False,False,True,False,False,True,False,True,False,False,False,True,0.6117207462343522
681,0,0.35913546117114853,0.01588334219482317,1,1,False,True,False,False,False,False,False,True,True,False,False,True,False,0.8170720709492799
87,0,0.19577783362653933,0.06709553154495196,5,0,False,False,True,False,False,False,False,True,False,True,False,False,True,0.7296061783380641
262,1,0.032420206081930136,0.061264319894317944,7,0,True,False,False,False,False,False,False,True,False,True,False,False,True,0.9900538501042633
518,0,0.35913546117114853,0.04713766070721715,1,1,False,False,True,False,False,False,False,True,False,True,False,True,False,0.8105533307818329
662,0,0.4973611460165871,0.014102260811993537,1,1,False,False,True,False,False,False,False,True,False,True,True,False,False,0.9865152487929797
186,0,0.35913546117114853,0.09759350042902103,1,1,False,False,True,False,False,True,False,False,False,True,False,False,True,0.659984046034179
512,0,0.35913546117114853,0.015712553569072387,1,1,False,False,True,False,False,False,False,True,False,True,False,False,True,0.4182430362906189
51,0,0.08268409148027142,0.07746484096553544,6,0,True,False,False,False,False,False,False,True,False,True,False,False,True,0.9695846277645586
885,0,0.3088715757728072,0.013760683560491965,1,1,False,False,True,False,False,False,False,True,False,True,False,False,True,0.7999160853731894
214,0,0.37170143252073384,0.025374310111545468,1,1,False,False,True,False,False,False,True,False,False,True,False,False,True,0.22426930946055978
422,0,0.2586076903744659,0.015094396337354966,1,1,False,False,True,False,False,False,False,True,False,True,False,True,False,0.7896181427945539
352,0,0.35913546117114853,0.06831545030031472,1,1,False,False,True,False,False,True,False,False,False,True,False,False,True,0.8564898411883223
15,0,0.17064589092736868,0.015330377421392339,1,1,False,True,False,False,False,False,False,True,True,False,False,False,True,0.18182496720710062
873,0,0.4093993465694898,0.009759350042902102,1,1,False,False,True,False,False,True,False,False,False,True,False,False,True,0.6439995432390158
27,0,0.35913546117114853,0.014102260811993537,1,1,False,False,True,False,False,False,False,True,False,True,True,False,False,0.19967378215835974
647,0,0.23347574767529528,0.015411575213749284,1,1,False,False,True,False,False,False,False,True,False,True,False,False,True,0.5935924535540487
756,1,0.0031414928373963316,0.028302115124416098,3,0,True,False,False,False,False,False,True,False,False,True,False,False,True,0.794025189270296
2,1,0.4722292033174164,0.13913573538264068,2,0,False,False,False,True,False,True,False,False,True,False,True,False,False,0.9507143064099162
250,0,0.6732847449107816,0.050748620223090936,2,0,False,False,False,False,True,False,True,False,False,True,False,False,True,0.8530094554673601
194,1,0.032420206081930136,0.050748620223090936,3,0,True,False,False,False,False,False,True,False,False,True,False,False,True,0.6331014572732679
478,0,0.35913546117114853,0.013752485706455927,2,0,False,False,True,False,False,False,False,True,False,True,False,False,True,0.5538542844013208
709,1,0.2711736617240513,0.29580589980036276,1,1,False,True,False,False,False,True,False,False,True,False,False,False,True,0.25464065476376385
565,0,0.35913546117114853,0.015712553569072387,1,1,False,True,False,False,False,False,False,True,True,False,False,False,True,0.350587558806597
95,0,0.7361146016587082,0.014151057562208049,1,1,False,False,True,False,False,False,False,True,False,True,False,False,True,0.770967179954561
456,1,0.35913546117114853,0.015411575213749284,1,1,False,False,True,False,False,False,False,True,False,True,True,False,False,0.49262510429085915
800,0,0.37170143252073384,0.04713766070721715,3,0,False,False,False,True,False,False,False,True,True,False,False,False,True,0.9224993811772957
97,0,0.8869062578537321,0.06764049365134761,1,1,False,False,True,False,False,True,False,False,False,True,True,False,False,0.5227328293819941
574,1,0.35913546117114853,0.015126992566498259,1,1,False,True,False,False,False,False,False,True,True,False,False,True,False,0.6220867002278735
536,1,0.08268409148027142,0.05123658772523604,3,0,False,True,False,False,False,False,True,False,True,False,False,False,True,0.944765729882428
25,0,0.09525006282985675,0.04113566043083236,5,0,False,True,False,False,False,False,False,True,True,False,False,False,True,0.45606998421703593
254,0,0.37170143252073384,0.031425107138144774,2,0,False,False,True,False,False,False,False,True,False,True,False,False,True,0.31692200515627766
253,0,0.7738125157074642,0.051822148727810165,1,1,False,False,True,False,False,True,False,False,False,True,False,False,True,0.8511366715168569
439,0,0.7989444584066349,0.5133418122566505,6,0,False,False,True,False,False,True,False,False,False,True,False,False,True,0.7062422271564962
144,0,0.23347574767529528,0.013175122557917838,1,1,False,False,True,False,False,False,False,True,False,True,False,True,False,0.30087830981676966
685,0,0.7486805730082935,0.0761229303346364,3,0,False,False,True,False,False,False,True,False,False,True,False,False,True,0.9293759891275858
634,0,0.35913546117114853,0.0,1,1,False,False,True,False,False,True,False,False,False,True,False,False,True,0.5321134852653157
799,0,0.37170143252073384,0.014110458666029575,1,1,False,False,True,False,False,False,False,True,False,True,True,False,False,0.6966508238768923
350,0,0.5224930887157577,0.016908073949327893,1,1,False,False,True,False,False,False,False,True,False,True,False,False,True,0.6258599157142364
769,0,0.35913546117114853,0.04713766070721715,2,0,False,False,True,False,False,False,False,True,False,True,False,True,False,0.34208174871590746
208,1,0.32143754712239253,0.036670757786204655,1,1,False,False,True,False,False,False,False,True,False,True,True,False,False,0.6635017691080558
252,0,0.35913546117114853,0.02042143996477265,3,0,False,False,False,True,False,False,False,True,True,False,False,False,True,0.38509772860192526
228,0,0.2523247046996733,0.014151057562208049,1,1,False,False,True,False,False,False,False,True,False,True,False,False,True,0.3930977246667604
346,1,0.2963056044232219,0.025374310111545468,1,1,False,True,False,False,False,False,True,False,True,False,False,False,True,0.6158500980522165
383,0,0.39683337521990447,0.015468569817999833,1,1,False,False,True,False,False,False,False,True,False,True,False,False,True,0.628942846779884
343,0,0.3465694898215632,0.025374310111545468,1,1,False,False,True,False,False,False,True,False,False,True,False,False,True,0.17320186991001518
248,1,0.2963056044232219,0.028302115124416098,3,0,False,False,False,True,False,False,True,False,True,False,False,False,True,0.9666548190436696
397,0,0.38426740387031916,0.015330377421392339,1,1,False,True,False,False,False,False,False,True,True,False,False,False,True,0.8584127518430118
349,1,0.032420206081930136,0.031034733136428686,3,0,True,False,False,False,False,False,False,True,False,True,False,False,True,0.3746126146264712
241,0,0.35913546117114853,0.028212719478023115,2,0,False,True,False,False,False,False,False,True,True,False,True,False,False,0.9404585843529143
801,0,0.42196531791907516,0.025374310111545468,1,1,False,False,True,False,False,False,True,False,False,True,False,False,True,0.7072386343133986
747,0,0.19577783362653933,0.03952536767375352,3,0,False,False,True,False,False,False,False,True,False,True,False,False,True,0.3838912213732114
794,0,0.35913546117114853,0.05991421140938287,1,1,False,False,True,False,False,True,False,False,False,True,True,False,False,0.6114542354346478
427,1,0.3465694898215632,0.050748620223090936,2,0,False,False,False,True,False,False,True,False,True,False,False,False,True,0.441530501373377
831,1,0.18321186227695402,0.028212719478023115,2,0,False,False,False,True,False,False,False,True,True,False,True,False,False,0.22460482293998196
279,0,0.08268409148027142,0.056848213999904744,6,0,True,False,False,False,False,False,False,True,False,True,False,True,False,0.7019668772577033
40,1,0.17064589092736868,0.021942337075458514,2,0,False,True,False,False,False,False,False,True,True,False,True,False,False,0.4401524937396013
568,0,0.35913546117114853,0.04113566043083236,5,0,False,False,False,True,False,False,False,True,True,False,False,False,True,0.43747492202372906
98,1,0.2837396330736366,0.12366716556464086,2,0,False,False,True,False,False,True,False,False,False,True,True,False,False,0.42754101835854963
814,0,0.0701181201306861,0.06104473451835265,7,0,False,True,False,False,False,False,False,True,True,False,False,False,True,0.9208418826173723
231,1,0.43453128926866047,0.16293234896625058,2,0,False,False,False,True,False,True,False,False,True,False,False,False,True,0.7948113035416484
830,1,0.7738125157074642,0.15614960068643363,1,1,False,False,False,True,False,True,False,False,True,False,False,False,True,0.45221794088980716
39,0,0.22090977632570996,0.03513366015444757,3,0,False,True,False,False,False,False,False,True,True,False,False,False,True,0.6842330265121569
195,1,0.5476250314149284,0.05410739813385612,1,1,False,False,False,True,False,True,False,False,True,False,True,False,False,0.3390297910487007
392,1,0.2586076903744659,0.015216388212891242,1,1,False,False,True,False,False,False,False,True,False,True,False,False,True,0.4126176769114265
667,0,0.3088715757728072,0.025374310111545468,1,1,False,False,True,False,False,False,True,False,False,True,False,False,True,0.24595772838450813
842,0,0.19577783362653933,0.020494635090094415,1,1,False,False,True,False,False,False,True,False,False,True,False,False,True,0.6635373720167106
303,0,0.23347574767529528,0.0,1,1,False,False,True,False,False,False,False,True,False,True,False,False,True,0.5406351216101065
391,1,0.4470972606182458,0.23422440102965045,4,0,False,False,True,False,False,True,False,False,False,True,False,False,True,0.9905051420006733
347,1,0.4973611460165871,0.025374310111545468,1,1,False,True,False,False,False,False,True,False,True,False,False,False,True,0.6350936508676438
393,0,0.3465694898215632,0.015468569817999833,3,0,False,False,True,False,False,False,False,True,False,True,False,False,True,0.37201808579278317
418,1,0.22090977632570996,0.025374310111545468,3,0,False,True,False,False,False,False,True,False,True,False,False,False,True,0.32866454536991596
143,1,0.2963056044232219,0.030937139635999665,2,0,False,False,False,True,False,False,False,True,True,False,False,False,True,0.49724850589238545
404,0,0.3465694898215632,0.030937139635999665,2,0,False,False,True,False,False,False,False,True,False,True,False,False,True,0.8264574661077416
838,0,0.35913546117114853,0.015712553569072387,1,1,False,False,True,False,False,False,False,True,False,True,False,False,True,0.3623938991166331
281,0,0.8115104297562201,0.015126992566498259,1,1,False,False,True,False,False,False,False,True,False,True,False,True,False,0.8900053418175663
432,1,0.35913546117114853,0.031425107138144774,2,0,False,False,False,True,False,False,False,True,True,False,False,False,True,0.7615106317174722
551,1,0.20834380497612465,0.21642978772242535,3,0,False,False,True,False,False,True,False,False,False,True,True,False,False,0.5201635011119934
28,0,0.23347574767529528,0.5133418122566505,6,0,False,False,True,False,False,True,False,False,False,True,False,False,True,0.5142344384136116
93,0,0.572756974114099,0.11940564777490723,2,0,False,False,True,False,False,True,False,False,False,True,False,False,True,0.7607850486168974
644,1,0.35913546117114853,0.11027245763075773,1,1,False,False,True,False,False,False,False,True,False,True,False,False,True,0.32749735217791465
56,1,0.35913546117114853,0.06929138530460492,1,1,False,False,True,False,False,True,False,False,False,True,False,False,True,0.9218742350231168
809,0,0.4847951746670017,0.025374310111545468,1,1,False,False,True,False,False,False,True,False,False,True,False,False,True,0.4508393714041321
737,0,0.5978889168132696,0.06709553154495196,5,0,False,False,False,True,False,False,False,True,True,False,False,False,True,0.3924451074226354
717,1,0.4722292033174164,0.4440992237022602,1,1,False,True,False,False,False,True,False,False,True,False,True,False,False,0.8306194077877291
268,1,0.3088715757728072,0.015175789316712771,2,0,False,False,True,False,False,False,False,True,False,True,False,False,True,0.7024840839871093
734,0,0.2837396330736366,0.025374310111545468,1,1,False,False,True,False,False,False,True,False,False,True,False,False,True,0.5230654247691193
152,1,0.2711736617240513,0.12999454257145598,2,0,False,False,False,True,False,True,False,False,True,False,False,False,True,0.23956189066697242
326,1,0.4470972606182458,0.2647385704347907,1,1,False,True,False,False,False,True,False,False,True,False,True,False,False,0.7378969166957685
249,1,0.4596632319678311,0.10257896680493714,3,0,False,False,True,False,False,True,False,False,False,True,False,False,True,0.9636199770892528
815,0,0.37798441819552653,0.015712553569072387,1,1,False,False,True,False,False,False,False,True,False,True,False,False,True,0.8698963620621283
277,0,0.5601910027645137,0.015126992566498259,1,1,False,True,False,False,False,False,False,True,True,False,False,False,True,0.7982951789667752
438,1,0.2963056044232219,0.03659756266088288,6,0,False,False,False,True,False,False,True,False,True,False,False,False,True,0.8218600592903562
19,0,0.38426740387031916,0.03513366015444757,2,0,False,False,False,True,False,False,False,True,True,False,False,False,True,0.43194501864211576
655,0,0.22090977632570996,0.013175122557917838,1,1,False,True,False,False,False,False,False,True,True,False,False,True,False,0.4316595462296794
53,1,0.610454888162855,0.1497654242623688,2,0,False,False,False,True,False,True,False,False,True,False,True,False,False,0.9394989415641891
309,0,0.37170143252073384,0.04684488020593009,2,0,False,False,True,False,False,False,True,False,False,True,True,False,False,0.7951861947687037
235,0,0.2963056044232219,0.020494635090094415,1,1,False,False,True,False,False,False,True,False,False,True,False,False,True,0.1952429877980445
148,0,0.10781603417944208,0.06709553154495196,5,0,False,True,False,False,False,False,False,True,True,False,False,False,True,0.5026790232288615
9,1,0.33400351847197784,0.021730754366528396,3,0,False,False,False,True,False,False,False,True,True,False,False,False,True,0.6011150117432088
71,0,0.39683337521990447,0.020494635090094415,1,1,False,False,True,False,False,False,True,False,False,True,False,False,True,0.7722447692966574
413,1,0.4093993465694898,0.17566830077223786,2,0,False,True,False,False,False,True,False,False,True,False,False,True,False,0.9506071469375561
621,0,0.33400351847197784,0.028212719478023115,2,0,False,False,True,False,False,False,False,True,False,True,True,False,False,0.18452101935637732
158,0,0.37170143252073384,0.015712553569072387,1,1,False,False,True,False,False,False,False,True,False,True,False,False,True,0.7616196153287176
607,0,0.37170143252073384,0.015411575213749284,1,1,False,False,True,False,False,False,False,True,False,True,False,False,True,0.2063337184057925
234,1,0.05755214878110078,0.061264319894317944,7,0,False,True,False,False,False,False,False,True,True,False,False,False,True,0.4925176938188639
835,0,0.22090977632570996,0.016200521071217493,1,1,False,False,True,False,False,False,False,True,False,True,False,False,True,0.49836777273947974
162,1,0.4973611460165871,0.030741952635141623,1,1,False,False,False,True,False,False,True,False,True,False,False,False,True,0.6323058305935795
428,1,0.23347574767529528,0.050748620223090936,1,1,False,True,False,False,False,False,True,False,True,False,False,False,True,0.8877041827582998
88,0,0.35913546117114853,0.015712553569072387,1,1,False,False,True,False,False,False,False,True,False,True,False,False,True,0.6375574713552131
620,0,0.32143754712239253,0.020494635090094415,1,1,False,False,True,False,False,False,True,False,False,True,False,False,True,0.7482596903836584
738,1,0.43453128926866047,1.0,1,1,False,False,True,False,False,True,False,False,False,True,True,False,False,0.8165994394715771
267,0,0.19577783362653933,0.07746484096553544,6,0,False,False,True,False,False,False,False,True,False,True,False,False,True,0.697015740995268
363,0,0.5601910027645137,0.028212719478023115,2,0,False,False,False,True,False,False,False,True,True,False,True,False,False,0.45825289049151663
774,0,0.35913546117114853,0.014102260811993537,1,1,False,False,True,False,False,False,False,True,False,True,True,False,False,0.39728729056036727
79,1,0.005152048253329982,0.056604230248832196,3,0,True,False,False,False,False,False,True,False,False,True,False,False,True,0.3584657285442726
63,0,0.5601910027645137,0.16293234896625058,2,0,False,False,True,False,False,True,False,False,False,True,False,False,True,0.8287375091519293
305,0,0.35913546117114853,0.015712553569072387,1,1,False,False,True,False,False,False,False,True,False,True,False,False,True,0.7260913337226615
740,0,0.35913546117114853,0.015411575213749284,1,1,False,False,True,False,False,False,False,True,False,True,False,False,True,0.3769444294249076
137,1,0.23347574767529528,0.051301584996521765,3,0,False,True,False,False,False,True,False,False,True,False,False,False,True,0.5187906217433661
744,0,0.2963056044232219,0.031425107138144774,2,0,False,False,True,False,False,False,False,True,False,True,False,False,True,0.5027203900924792
449,1,0.05755214878110078,0.03758969818624431,4,0,False,True,False,False,False,False,False,True,True,False,True,False,False,0.37625958553091576
682,1,0.33400351847197784,0.1497654242623688,1,1,False,False,True,False,False,True,False,False,False,True,True,False,False,0.25790282704493983
237,0,0.5476250314149284,0.050748620223090936,2,0,False,False,True,False,False,False,True,False,False,True,False,False,True,0.2807723624408558
62,1,0.4722292033174164,0.15614960068643363,1,1,False,True,False,False,False,True,False,False,True,False,False,False,True,0.2713490317738959
712,0,0.35913546117114853,0.051822148727810165,1,1,False,False,True,False,False,True,False,False,False,True,False,False,True,0.5956387406078443
92,0,0.24604171902488062,0.015330377421392339,1,1,False,False,True,False,False,False,False,True,False,True,False,False,True,0.713244787222995
494,0,0.8869062578537321,0.09662576327876685,1,1,False,False,True,False,False,True,False,False,False,True,True,False,False,0.1881211597237613
140,0,0.2963056044232219,0.15458810467956932,1,1,False,False,True,False,False,True,False,False,False,True,True,False,False,0.9717820827209607
612,0,0.35913546117114853,0.013760683560491965,1,1,False,False,True,False,False,False,False,True,False,True,False,False,True,0.7994103989090426
213,0,0.2711736617240513,0.014151057562208049,1,1,False,False,True,False,False,False,False,True,False,True,False,False,True,0.6519612595026005
848,0,0.43453128926866047,0.015411575213749284,1,1,False,False,True,False,False,False,False,True,False,True,True,False,False,0.9968742518459474
507,1,0.4093993465694898,0.050748620223090936,3,0,False,False,False,True,False,False,True,False,True,False,False,False,True,0.9109271844938425
758,0,0.22090977632570996,0.022446505098674834,1,1,False,False,True,False,False,False,True,False,False,True,False,False,True,0.5334610919763215
299,1,0.35913546117114853,0.05953203526170282,1,1,False,False,True,False,False,True,False,False,False,True,False,False,True,0.6228904758190003
654,1,0.35913546117114853,0.015281580671177828,1,1,False,True,False,False,False,False,False,True,True,False,False,True,False,0.74543947418433
274,0,0.4596632319678311,0.057970539254838485,2,0,False,False,True,False,False,True,False,False,False,True,True,False,False,0.9132405525564713
429,0,0.35913546117114853,0.015126992566498259,1,1,False,False,True,False,False,False,False,True,False,True,False,True,False,0.3509150125520787
264,0,0.4973611460165871,0.0,1,1,False,False,True,False,False,True,False,False,False,True,False,False,True,0.5183296523637367
399,0,0.2837396330736366,0.020494635090094415,1,1,False,False,False,False,True,False,True,False,False,True,False,False,True,0.7508710677914974
888,1,0.23347574767529528,0.05855610025741261,1,1,False,True,False,False,False,True,False,False,True,False,False,False,True,0.23818278104672652
4,1,0.43453128926866047,0.10364429745562033,2,0,False,False,False,True,False,True,False,False,True,False,False,False,True,0.5986584841970366
623,1,0.24604171902488062,0.030725752114070404,3,0,False,False,True,False,False,False,False,True,False,True,True,False,False,0.370472102791382
608,1,0.33400351847197784,0.05953203526170282,1,1,False,False,True,False,False,True,False,False,False,True,False,False,True,0.36426986104807546
764,1,0.4470972606182458,0.23422440102965045,4,0,False,False,False,True,False,True,False,False,True,False,False,False,True,0.743946292572677
586,1,0.22090977632570996,0.1554664461834305,3,0,False,True,False,False,False,True,False,False,True,False,False,False,True,0.24014561877819307
240,0,0.4093993465694898,0.023959204355324663,1,1,False,False,True,False,False,False,True,False,False,True,False,False,True,0.17711067940704894
242,1,0.35913546117114853,0.030253985132996517,2,0,False,True,False,False,False,False,False,True,True,False,False,True,False,0.9539285770025874
226,0,0.2711736617240513,0.01824998458022693,1,1,False,False,True,False,False,False,False,True,False,True,False,False,True,0.24398964337908358
781,1,0.15807991957778336,0.014110458666029575,1,1,False,True,False,False,False,False,False,True,True,False,True,False,False,0.6939484444671
275,1,0.35913546117114853,0.015126992566498259,1,1,False,True,False,False,False,False,False,True,True,False,False,True,False,0.5113423988609378
232,0,0.35913546117114853,0.015175789316712771,1,1,False,False,True,False,False,False,False,True,False,True,False,False,True,0.5026370931051921
118,0,0.35913546117114853,0.04098927018018883,2,0,False,False,True,False,False,False,True,False,False,True,False,False,True,0.18657005888603584
783,0,0.35913546117114853,0.05855610025741261,1,1,False,False,True,False,False,True,False,False,False,True,False,False,True,0.25179905890695276
257,1,0.35913546117114853,0.15458810467956932,1,1,False,False,False,True,False,True,False,False,True,False,True,False,False,0.936154774160781
272,1,0.3088715757728072,0.0,1,1,False,False,True,False,False,False,False,True,False,True,False,False,True,0.8101133946791808
834,0,0.2837396330736366,0.015330377421392339,1,1,False,False,True,False,False,False,False,True,False,True,False,False,True,0.1763869865062233
417,1,0.42196531791907516,0.06343577527886367,3,0,False,False,False,True,False,False,True,False,True,False,False,False,True,0.29321077169806453
442,0,0.24604171902488062,0.018542765081513996,1,1,False,False,True,False,False,False,False,True,False,True,False,False,True,0.9866395785011755
200,0,0.2963056044232219,0.025374310111545468,1,1,False,True,False,False,False,False,True,False,True,False,False,False,True,0.7798755458576239
187,1,0.35913546117114853,0.030253985132996517,2,0,False,False,False,True,False,False,False,True,True,False,False,True,False,0.8172222002012158
779,0,0.35913546117114853,0.015102594191391002,1,1,False,False,True,False,False,False,False,True,False,True,False,True,False,0.7200365365460744
64,0,0.04498617743151546,0.05445717323939373,6,0,True,False,False,False,False,False,False,True,False,True,False,False,True,0.3567533266935893
236,0,0.35913546117114853,0.014736618564782174,1,1,False,True,False,False,False,False,False,True,True,False,False,False,True,0.7224521152615053
269,1,0.7235486303091229,0.2995388511917728,2,0,False,False,False,True,False,True,False,False,True,False,False,False,True,0.35949115121975517
542,0,0.10781603417944208,0.06104473451835265,7,0,False,True,False,False,False,False,False,True,True,False,False,False,True,0.60617463445088
853,0,0.10781603417944208,0.029757819776815374,3,0,False,True,False,False,False,False,False,True,True,False,True,False,False,0.20990559309558576
44,1,0.032420206081930136,0.08115719346076702,4,0,False,True,False,False,False,False,True,False,True,False,True,False,False,0.9093204020787821
684,0,0.17064589092736868,0.09154270340242172,8,0,False,False,True,False,False,False,False,True,False,True,False,False,True,0.668643219924431
639,0,0.5099271173661724,0.07746484096553544,6,0,False,False,False,True,False,False,False,True,True,False,False,False,True,0.26924323094938096
796,0,0.4847951746670017,0.025374310111545468,1,1,False,False,True,False,False,False,True,False,False,True,False,False,True,0.8721239089441515
21,0,0.43453128926866047,0.050748620223090936,1,1,False,False,True,False,False,False,True,False,False,True,False,False,True,0.6118528947223795
109,0,0.4722292033174164,0.015411575213749284,1,1,False,False,True,False,False,False,False,True,False,True,False,False,True,0.22879816549162246
495,0,0.2586076903744659,0.015712553569072387,1,1,False,False,True,False,False,False,False,True,False,True,False,False,True,0.46369840493998216
753,0,0.4093993465694898,0.018542765081513996,1,1,False,False,True,False,False,False,False,True,False,True,False,False,True,0.6277080530714179
616,1,0.2963056044232219,0.12687155055772734,4,0,False,True,False,False,False,False,True,False,True,False,False,False,True,0.9208724005318132
406,0,0.42196531791907516,0.04098927018018883,2,0,False,False,True,False,False,False,True,False,False,True,False,False,True,0.8955232284962005
229,0,0.22090977632570996,0.025374310111545468,1,1,False,False,True,False,False,False,True,False,False,True,False,False,True,0.8920465551771133
403,0,0.2586076903744659,0.019177122834302632,2,0,False,True,False,False,False,False,False,True,True,False,False,False,True,0.5052523724478571
597,1,0.35913546117114853,0.06441171028315387,1,1,False,True,False,False,False,False,True,False,True,False,False,False,True,0.6675577385210272
678,1,0.22090977632570996,0.019209719063445922,1,1,False,True,False,False,False,False,False,True,True,False,False,False,True,0.39785559904574164
713,1,0.5978889168132696,0.10149724044618187,2,0,False,False,True,False,False,True,False,False,False,True,False,False,True,0.47157618855015837
120,0,0.01985423473234481,0.06104473451835265,7,0,False,True,False,False,False,False,False,True,True,False,False,False,True,0.5393422419156507
544,1,0.39683337521990447,0.050748620223090936,2,0,False,False,True,False,False,False,True,False,False,True,False,False,True,0.6717006844058567
12,1,0.7235486303091229,0.051822148727810165,1,1,False,True,False,False,False,True,False,False,True,False,False,False,True,0.9699098521619943
745,1,0.38426740387031916,0.015468569817999833,1,1,False,False,True,False,False,False,False,True,False,True,False,False,True,0.2322126951468173
718,1,0.33400351847197784,0.020494635090094415,1,1,False,True,False,False,False,False,True,False,True,False,False,False,True,0.9650269106665126
23,1,0.18321186227695402,0.015671954672893913,1,1,False,True,False,False,False,False,False,True,True,False,False,True,False,0.29214464853521815
513,1,0.4470972606182458,0.05130978285055781,1,1,False,False,True,False,False,True,False,False,False,True,False,False,True,0.9327284833540133
840,1,0.35913546117114853,0.057970539254838485,1,1,False,False,True,False,False,True,False,False,False,True,True,False,False,0.6322642879195304
212,1,0.43453128926866047,0.04098927018018883,1,1,False,True,False,False,False,False,True,False,True,False,False,False,True,0.6918951976926933
251,0,0.35913546117114853,0.014151057562208049,1,1,False,False,True,False,False,False,False,True,False,True,False,False,True,0.2944488920695857
872,1,0.5853229454636844,0.10257896680493714,3,0,False,False,False,True,False,True,False,False,True,False,False,False,True,0.27074467314355377
42,0,0.33400351847197784,0.04098927018018883,2,0,False,False,False,True,False,False,True,False,True,False,False,False,True,0.4951769101112702
20,1,0.35913546117114853,0.014102260811993537,1,1,False,False,False,True,False,False,False,True,True,False,True,False,False,0.2912291401980419
624,0,0.2586076903744659,0.015330377421392339,1,1,False,False,True,False,False,False,False,True,False,True,False,False,True,0.4845229851910213
297,0,0.2900226187484292,0.014110458666029575,1,1,False,False,True,False,False,False,False,True,False,True,True,False,False,0.7699935530986108
825,0,0.01985423473234481,0.07746484096553544,6,0,True,False,False,False,False,False,False,True,False,True,False,False,True,0.5373956029379229
517,1,0.42196531791907516,0.020494635090094415,1,1,False,False,False,True,False,False,True,False,True,False,False,False,True,0.3764633668780496
615,0,0.43453128926866047,0.015712553569072387,1,1,False,False,True,False,False,False,False,True,False,True,False,False,True,0.8735786241067772
402,0,0.32143754712239253,0.015712553569072387,1,1,False,False,True,False,False,False,False,True,False,True,False,False,True,0.9025529066795667
760,1,0.4093993465694898,0.16883675574220638,1,1,False,False,False,False,True,True,False,False,True,False,False,False,True,0.7885972112245307
311,1,0.2963056044232219,0.16231419173453318,1,1,False,True,False,False,False,True,False,False,True,False,True,False,False,0.4389714207056361
491,0,0.35913546117114853,0.03897240290032268,2,0,False,False,True,False,False,False,False,True,False,True,False,False,True,0.45565675278571294
701,1,0.22090977632570996,0.4440992237022602,2,0,False,False,False,True,False,True,False,False,True,False,True,False,False,0.5325894325515859
511,1,0.35913546117114853,0.015126992566498259,1,1,False,False,True,False,False,False,False,True,False,True,False,True,False,0.6134151959357899
31,0,0.4973611460165871,0.05410739813385612,1,1,False,False,False,False,True,True,False,False,False,True,True,False,False,0.6075448519014384
308,1,0.20834380497612465,0.2125586439344078,2,0,False,False,False,True,False,True,False,False,True,False,True,False,False,0.32295647294124596
787,1,0.22090977632570996,0.014630827210317115,1,1,False,True,False,False,False,False,False,True,True,False,False,False,True,0.5833917947661205
224,0,0.35913546117114853,0.015411575213749284,1,1,False,False,True,False,False,False,False,True,False,True,False,False,True,0.3677158030594335
679,0,0.5350590600653431,0.09154270340242172,8,0,False,False,False,True,False,False,False,True,True,False,False,False,True,0.9694704332753689
35,0,0.3465694898215632,0.16038672010106,2,0,False,False,True,False,False,True,False,False,False,True,True,False,False,0.9656320330745594
534,1,0.35913546117114853,0.04364049521284361,3,0,False,False,False,True,False,False,False,True,True,False,True,False,False,0.5554317056026274
205,1,0.22090977632570996,0.015712553569072387,1,1,False,False,True,False,False,False,False,True,False,True,False,False,True,0.6064290596595899
103,0,0.2586076903744659,0.15085515328815924,2,0,False,False,True,False,False,True,False,False,False,True,False,False,True,0.3143559810763267
522,0,0.2711736617240513,0.015411575213749284,1,1,False,False,True,False,False,False,False,True,False,True,False,False,True,0.3808908566310215
135,0,0.3088715757728072,0.025374310111545468,1,1,False,False,True,False,False,False,True,False,False,True,False,False,True,0.9429097039125192
797,1,0.610454888162855,0.050610427826483444,1,1,False,False,False,False,True,True,False,False,True,False,False,False,True,0.9321182824836124
178,0,0.6230208595124404,0.05604306762136532,1,1,False,True,False,False,False,True,False,False,True,False,True,False,False,0.3867353463005374
493,0,0.6858507162603669,0.05953203526170282,1,1,False,False,True,False,False,True,False,False,False,True,False,False,True,0.2773811829811327
483,0,0.6230208595124404,0.015712553569072387,1,1,False,False,True,False,False,False,False,True,False,True,False,False,True,0.45454106476777323
807,0,0.4847951746670017,0.0,1,1,False,False,True,False,False,True,False,False,False,True,False,False,True,0.9343670147690148
89,1,0.2837396330736366,0.5133418122566505,6,0,False,True,False,False,False,True,False,False,True,False,False,False,True,0.8872127425763265
94,0,0.32143754712239253,0.04015972542654215,4,0,False,False,True,False,False,False,False,True,False,True,False,False,True,0.5612771975694962
691,1,0.38426740387031916,0.11125659048908397,2,0,False,False,True,False,False,True,False,False,False,True,False,False,True,0.3236792364042437
805,1,0.33400351847197784,0.013614293309848433,1,1,False,False,True,False,False,False,False,True,False,True,False,False,True,0.424130671302386
505,1,0.19577783362653933,0.16883675574220638,1,1,False,True,False,False,False,True,False,False,True,False,False,False,True,0.6847311725538793
302,1,0.35913546117114853,0.04538097769949478,3,0,False,False,True,False,False,False,False,True,False,True,False,True,False,0.531354631568148
785,0,0.3088715757728072,0.013760683560491965,1,1,False,False,True,False,False,False,False,True,False,True,False,False,True,0.18159771680142567
850,1,0.35913546117114853,0.17391981561855152,2,0,False,False,False,True,False,True,False,False,True,False,True,False,False,0.5953850173200438
543,0,0.13294797687861273,0.06104473451835265,7,0,False,True,False,False,False,False,False,True,True,False,False,False,True,0.22864280550346272
330,1,0.19577783362653933,0.11316786160148591,2,0,False,True,False,False,False,True,False,False,True,False,True,False,False,0.24773098950115746
247,0,0.3088715757728072,0.015175789316712771,1,1,False,True,False,False,False,False,False,True,True,False,False,False,True,0.42818414831731433
462,0,0.42196531791907516,0.015712553569072387,1,1,False,False,True,False,False,False,False,True,False,True,False,False,True,0.6492103021160636
332,0,0.5664739884393063,0.055628295244541985,1,1,False,False,True,False,False,True,False,False,False,True,False,False,True,0.7578461104643691
609,1,0.2711736617240513,0.08115719346076702,4,0,False,False,False,True,False,False,True,False,True,False,True,False,False,0.5034172708548569
633,1,0.39683337521990447,0.05953203526170282,1,1,False,False,False,False,True,True,False,False,False,True,True,False,False,0.5116774421156661
265,0,0.35913546117114853,0.015126992566498259,1,1,False,True,False,False,False,False,False,True,True,False,False,True,False,0.8773730719279554
488,0,0.7235486303091229,0.057970539254838485,1,1,False,False,True,False,False,True,False,False,False,True,True,False,False,0.2809631895922303
466,0,0.4722292033174164,0.013760683560491965,1,1,False,False,True,False,False,False,False,True,False,True,False,False,True,0.37487057952370406
126,1,0.14551394822819805,0.021942337075458514,2,0,True,False,False,False,False,False,False,True,False,True,True,False,False,0.4271077886262563
581,1,0.3088715757728072,0.05855610025741261,3,0,False,True,False,False,False,False,True,False,True,False,False,False,True,0.4591357562382613
559,1,0.4847951746670017,0.1554664461834305,3,0,False,False,False,True,False,True,False,False,True,False,False,False,True,0.755137255673619
733,0,0.35913546117114853,0.0,1,1,False,False,True,False,False,False,True,False,False,True,False,False,True,0.6651972206962001
780,1,0.5350590600653431,0.41250332793836464,2,0,False,False,False,True,False,True,False,False,True,False,False,False,True,0.6411476328852973
218,0,0.5224930887157577,0.05270049023167135,2,0,False,False,True,False,False,False,True,False,False,True,False,False,True,0.7464914051180241
707,1,0.5601910027645137,0.026350245115835676,1,1,False,False,False,True,False,False,True,False,True,False,False,False,True,0.32235384497472297
325,0,0.35913546117114853,0.13575255909676823,11,0,False,False,True,False,False,False,False,True,False,True,False,False,True,0.9548652806631941
862,0,0.2586076903744659,0.022446505098674834,2,0,False,False,True,False,False,False,True,False,False,True,False,False,True,0.4532888347480276
70,0,0.32143754712239253,0.016908073949327893,3,0,False,False,True,False,False,False,False,True,False,True,False,False,True,0.9868869366005173
646,1,0.5978889168132696,0.1497654242623688,2,0,False,False,True,False,False,True,False,False,False,True,True,False,False,0.890527280739895
369,1,0.35913546117114853,0.015126992566498259,1,1,False,True,False,False,False,False,False,True,True,False,False,True,False,0.19579113478929644
854,1,0.19577783362653933,0.07690367833806856,2,0,False,True,False,False,False,True,False,False,True,False,False,False,True,0.8980542894407137
171,0,0.7612465443578789,0.06538764528744409,1,1,False,False,True,False,False,True,False,False,False,True,False,False,True,0.6775643618422824
75,1,0.39683337521990447,0.11027245763075773,1,1,False,False,True,False,False,False,False,True,False,True,False,False,True,0.7068573438476171
530,0,0.2837396330736366,0.022446505098674834,4,0,False,False,True,False,False,False,True,False,False,True,False,False,True,0.8647223762550532
448,1,0.42196531791907516,0.051822148727810165,1,1,False,False,True,False,False,True,False,False,False,True,False,False,True,0.7533781852589416
777,0,0.35913546117114853,0.015126992566498259,1,1,False,False,True,False,False,False,False,True,False,True,False,True,False,0.22925139523264149
345,0,0.4470972606182458,0.025374310111545468,1,1,False,False,True,False,False,False,True,False,False,True,False,False,True,0.39850473439737344
472,0,0.4722292033174164,0.016908073949327893,1,1,False,False,True,False,False,False,False,True,False,True,False,False,True,0.969878826707639
465,0,0.35913546117114853,0.015712553569072387,1,1,False,False,True,False,False,False,False,True,False,True,False,False,True,0.9621725484745419
828,1,0.007288263382759489,0.07222738817151159,3,0,True,False,False,False,False,False,True,False,False,True,True,False,False,0.3469532018962277
535,0,0.37170143252073384,0.016908073949327893,1,1,False,True,False,False,False,False,False,True,True,False,False,False,True,0.7689874151805105
49,0,0.35913546117114853,0.04231498029001666,3,0,False,False,True,False,False,False,False,True,False,True,True,False,False,0.5467102793432796
552,0,0.33400351847197784,0.050748620223090936,1,1,False,False,True,False,False,False,True,False,False,True,False,False,True,0.8521815003185401
416,0,0.35913546117114853,0.015712553569072387,1,1,False,False,False,True,False,False,False,True,True,False,False,False,True,0.44844552197831977
864,0,0.35913546117114853,0.13575255909676823,11,0,False,True,False,False,False,False,False,True,True,False,False,False,True,0.44076274693822814
789,1,0.007288263382759489,0.04015972542654215,4,0,True,False,False,False,False,False,False,True,False,True,False,False,True,0.4620058036441327
166,1,0.10781603417944208,0.04006213192611313,3,0,True,False,False,False,False,False,False,True,False,True,False,False,True,0.835302495589238
276,1,0.7863784870570495,0.15216446768991498,2,0,False,True,False,False,False,True,False,False,True,False,False,False,True,0.5015162946871996
220,0,0.37170143252073384,0.020494635090094415,1,1,False,False,True,False,False,False,True,False,False,True,False,False,True,0.8492234104941779
310,1,0.37170143252073384,0.11111839809247648,1,1,False,True,False,False,False,True,False,False,True,False,True,False,False,0.2708322512620742
386,0,0.22090977632570996,0.1434624456306609,1,1,False,False,True,False,False,False,True,False,False,True,False,False,True,0.8034809303848486
475,0,0.2711736617240513,0.019201521209409888,1,1,False,True,False,False,False,False,False,True,True,False,False,False,True,0.5277011090862999
567,0,0.23347574767529528,0.015411575213749284,1,1,False,False,True,False,False,False,False,True,False,True,False,False,True,0.3922440450997323
548,1,0.35913546117114853,0.02705779799394608,1,1,False,False,True,False,False,False,True,False,False,True,True,False,False,0.6715731955927996
344,0,0.3088715757728072,0.025374310111545468,1,1,False,False,True,False,False,False,True,False,False,True,False,False,True,0.43385164923797304
193,1,0.23347574767529528,0.015330377421392339,2,0,False,True,False,False,False,False,False,True,True,False,False,False,True,0.9004180571633305
364,0,0.43453128926866047,0.013760683560491965,1,1,False,False,True,False,False,False,False,True,False,True,False,False,True,0.5456167893159349
215,0,0.35913546117114853,0.015126992566498259,2,0,False,False,True,False,False,False,False,True,False,True,False,True,False,0.7121792213475359
806,0,0.38426740387031916,0.015175789316712771,1,1,False,False,True,False,False,False,False,True,False,True,False,False,True,0.7364442356247228
716,0,0.23347574767529528,0.014931805565640218,1,1,False,False,True,False,False,False,False,True,False,True,False,False,True,0.9295291442478258
407,0,0.6355868308620256,0.015126992566498259,1,1,False,False,True,False,False,False,False,True,False,True,False,False,True,0.3892016787341631
296,0,0.35913546117114853,0.05410739813385612,1,1,False,False,True,False,False,True,False,False,False,True,True,False,False,0.5222432600548044
553,0,0.35913546117114853,0.015281580671177828,1,1,False,False,True,False,False,False,False,True,False,True,False,True,False,0.5519068387744855
532,0,0.35913546117114853,0.014110458666029575,1,1,False,False,True,False,False,False,False,True,False,True,True,False,False,0.9997176732861306
201,0,0.3465694898215632,0.018542765081513996,1,1,False,False,True,False,False,False,False,True,False,True,False,False,True,0.6420316461542878
844,0,0.4282483035938678,0.012565163180236457,1,1,False,False,True,False,False,False,False,True,False,True,True,False,False,0.9610703174694551
743,1,0.2586076903744659,0.5121218935012878,5,0,False,True,False,False,False,True,False,False,True,False,True,False,False,0.7476093801762511
865,0,0.2963056044232219,0.025374310111545468,1,1,False,False,True,False,False,False,True,False,False,True,False,False,True,0.400763060875326
396,0,0.2711736617240513,0.015216388212891242,1,1,False,False,True,False,False,False,False,True,False,True,False,False,True,0.9307573256035647
474,1,0.2837396330736366,0.026919605597338588,1,1,False,False,False,True,False,False,True,False,True,False,True,False,False,0.8911431136980711
782,1,0.20834380497612465,0.11125659048908397,2,0,False,False,False,True,False,True,False,False,True,False,False,False,True,0.5427244433475962
170,0,0.3465694898215632,0.11027245763075773,1,1,False,False,True,False,False,False,False,True,False,True,False,False,True,0.5908929431882418
775,1,0.6732847449107816,0.04489301019734967,5,0,False,False,False,True,False,False,True,False,True,False,False,False,True,0.7972953657795536
307,1,0.35913546117114853,0.21642978772242535,1,1,False,True,False,False,False,True,False,False,True,False,True,False,False,0.5163003483011953
390,1,0.20834380497612465,0.023422440102965045,1,1,False,True,False,False,False,False,True,False,True,False,True,False,False,0.806834739267264
18,1,0.35913546117114853,0.025374310111545468,1,1,False,False,True,False,False,False,True,False,False,True,False,False,True,0.5247564316322378
749,0,0.23347574767529528,0.10364429745562033,2,0,False,False,True,False,False,True,False,False,False,True,False,False,True,0.9064721109645469
721,1,0.0701181201306861,0.06441171028315387,2,0,False,True,False,False,False,False,True,False,True,False,False,False,True,0.9383404568210378
836,1,0.4847951746670017,0.16231419173453318,3,0,False,True,False,False,False,True,False,False,True,False,True,False,False,0.4189254495045479
374,0,0.2711736617240513,0.2647385704347907,1,1,False,False,True,False,False,True,False,False,False,True,True,False,False,0.6830067734163568
622,1,0.5224930887157577,0.10257896680493714,2,0,False,False,True,False,False,True,False,False,False,True,False,False,True,0.2093493233367103
24,1,0.3465694898215632,0.06929138530460492,1,1,False,False,True,False,False,True,False,False,False,True,False,False,True,0.3663618432936917
283,0,0.19577783362653933,0.018542765081513996,1,1,False,False,True,False,False,False,False,True,False,True,False,False,True,0.375582952639944
625,0,0.2586076903744659,0.031425107138144774,1,1,False,False,True,False,False,False,False,True,False,True,False,False,True,0.618254771530296
338,1,0.5099271173661724,0.2625265161540666,1,1,False,True,False,False,False,True,False,False,True,False,True,False,False,0.7036578593800237
632,0,0.6355868308620256,0.013768881414528002,1,1,False,False,True,False,False,False,False,True,False,True,False,False,True,0.8952068376871993
757,0,0.3465694898215632,0.015216388212891242,1,1,False,False,True,False,False,False,False,True,False,True,False,False,True,0.6200727559285135
433,1,0.5224930887157577,0.050748620223090936,2,0,False,False,False,True,False,False,True,False,True,False,False,False,True,0.6182180633162611
649,0,0.35913546117114853,0.014736618564782174,1,1,False,False,True,False,False,False,False,True,False,True,False,False,True,0.7891712386073383
576,0,0.23347574767529528,0.028302115124416098,1,1,False,False,True,False,False,False,False,True,False,True,False,False,True,0.9495206236576421
711,1,0.2963056044232219,0.09662576327876685,1,1,False,True,False,False,False,True,False,False,True,False,True,False,False,0.7602278598896866
81,0,0.2711736617240513,0.017566830077223785,1,1,False,False,True,False,False,False,False,True,False,True,False,False,True,0.8631034258755935
878,0,0.23347574767529528,0.015411575213749284,1,1,False,False,True,False,False,False,False,True,False,True,False,False,True,0.6589239419101514
877,0,0.24604171902488062,0.019217721730481106,1,1,False,False,True,False,False,False,False,True,False,True,False,False,True,0.7159722288473975
672,0,0.38426740387031916,0.10149724044618187,2,0,False,False,True,False,False,True,False,False,False,True,False,False,True,0.8967654246264252
569,0,0.35913546117114853,0.014110458666029575,1,1,False,False,True,False,False,False,False,True,False,True,True,False,False,0.9041586944937484
663,0,0.5853229454636844,0.04994347384455151,1,1,False,False,True,False,False,True,False,False,False,True,False,False,True,0.6057748193568872
54,1,0.35913546117114853,0.050748620223090936,2,0,False,False,False,True,False,False,True,False,True,False,False,False,True,0.8948273504276488
147,1,0.33400351847197784,0.015216388212891242,1,1,False,False,True,False,False,False,False,True,False,True,False,False,True,0.6095643339798968
37,1,0.35913546117114853,0.014110458666029575,1,1,False,False,True,False,False,False,False,True,False,True,True,False,False,0.3046137691733707
772,0,0.5978889168132696,0.015330377421392339,1,1,False,False,True,False,False,False,False,True,False,True,False,False,True,0.8464522917345182
317,1,0.2963056044232219,0.050748620223090936,2,0,False,False,False,True,False,False,True,False,True,False,False,False,True,0.4089529444142699
470,1,0.004146770545363157,0.03758969818624431,4,0,False,True,False,False,False,False,False,True,True,False,True,False,False,0.9632225394406113
508,1,0.35913546117114853,0.051822148727810165,1,1,False,False,True,False,False,True,False,False,False,True,False,False,True,0.822537242923169
26,1,0.4722292033174164,0.061264319894317944,7,0,False,False,False,True,False,False,False,True,True,False,False,False,True,0.7851759613930136
157,1,0.19577783362653933,0.015094396337354966,1,1,False,True,False,False,False,False,False,True,True,False,False,True,False,0.6721355474058786
188,1,0.5601910027645137,0.051822148727810165,1,1,False,False,True,False,False,True,False,False,False,True,False,False,True,0.5552008115994623
703,0,0.22090977632570996,0.028212719478023115,2,0,False,True,False,False,False,False,False,True,True,False,True,False,False,0.3366042781939206
115,0,0.20834380497612465,0.028220722145058292,1,1,False,True,False,False,False,False,False,True,True,False,True,False,False,0.6334037565104235
90,0,0.2963056044232219,0.015712553569072387,1,1,False,False,True,False,False,False,False,True,False,True,False,False,True,0.4722149251619493
287,1,0.37170143252073384,0.018542765081513996,1,1,False,False,True,False,False,False,False,True,False,True,False,False,True,0.46559801813246016
125,0,0.6732847449107816,0.15085515328815924,2,0,False,False,True,False,False,True,False,False,False,True,False,False,True,0.22793516254194168
173,1,0.007288263382759489,0.021730754366528396,3,0,False,True,False,False,False,False,False,True,True,False,False,False,True,0.512093058299281
849,0,0.3465694898215632,0.06441171028315387,2,0,False,False,False,False,True,False,True,False,False,True,False,False,True,0.5021950103312426
710,1,0.35913546117114853,0.029757819776815374,3,0,True,False,False,False,False,False,False,True,False,True,True,False,False,0.6815027222239293
221,1,0.19577783362653933,0.015712553569072387,1,1,False,False,True,False,False,False,False,True,False,True,False,False,True,0.6576128923003434
199,1,0.35913546117114853,0.015126992566498259,1,1,False,True,False,False,False,False,False,True,True,False,False,True,False,0.8870864242651173
496,0,0.35913546117114853,0.028220722145058292,1,1,False,False,True,False,False,False,False,True,False,True,True,False,False,0.3533522280260528
766,1,0.6355868308620256,0.15216446768991498,2,0,False,False,False,True,False,True,False,False,True,False,False,False,True,0.5698896848713165
230,0,0.35913546117114853,0.04970768794751499,5,0,False,True,False,False,False,False,False,True,True,False,False,False,True,0.6311386259972629
29,1,0.35913546117114853,0.01537917417160685,1,1,False,True,False,False,False,False,False,True,True,False,False,True,False,0.5924145688620425
45,1,0.23347574767529528,0.01537917417160685,1,1,False,True,False,False,False,False,False,True,True,False,False,True,False,0.2587799816000169
66,1,0.35913546117114853,0.029757819776815374,3,0,True,False,False,False,False,False,False,True,False,True,True,False,False,0.5426960831582485
510,1,0.32143754712239253,0.11027245763075773,1,1,False,False,True,False,False,False,False,True,False,True,False,False,True,0.72571950838836
452,0,0.35913546117114853,0.03897240290032268,2,0,False,False,True,False,False,False,False,True,False,True,False,False,True,0.558404249735805
243,0,0.35913546117114853,0.020494635090094415,1,1,False,False,True,False,False,False,True,False,False,True,False,False,True,0.9148643902204485
808,0,0.22090977632570996,0.015175789316712771,1,1,False,True,False,False,False,False,False,True,True,False,False,False,True,0.9255685129067763
323,1,0.37170143252073384,0.024105594605968193,1,1,False,True,False,False,False,False,True,False,True,False,False,True,False,0.6601973767177313
653,0,0.2586076903744659,0.01646070534336126,1,1,False,False,True,False,False,False,False,True,False,True,False,False,True,0.5868411180208791
603,0,0.35913546117114853,0.08275928836380983,1,1,False,False,True,False,False,True,False,False,False,True,False,False,True,0.17701048427674682
108,1,0.35913546117114853,0.015175789316712771,1,1,False,False,True,False,False,False,False,True,False,True,False,False,True,0.7555511385430487
480,1,0.01985423473234481,0.023983602730431916,2,0,False,True,False,False,False,False,False,True,True,False,False,False,True,0.5230978441701488
735,0,0.2837396330736366,0.025374310111545468,1,1,False,False,True,False,False,False,True,False,False,True,False,False,True,0.3588304841235025
290,1,0.2711736617240513,0.015126992566498259,1,1,False,True,False,False,False,False,False,True,True,False,False,True,False,0.5908332605690108
365,0,0.35913546117114853,0.030253985132996517,2,0,False,False,True,False,False,False,False,True,False,True,False,True,False,0.9414648087765252
573,1,0.4470972606182458,0.051504969851415845,1,1,False,False,True,False,False,True,False,False,False,True,False,False,True,0.39654278232127016
106,0,0.3465694898215632,0.015411575213749284,1,1,False,False,True,False,False,False,False,True,False,True,False,False,True,0.24929222914887494
469,0,0.35913546117114853,0.015078195816283748,1,1,False,False,True,False,False,False,False,True,False,True,False,True,False,0.22359583851945264
321,0,0.2711736617240513,0.014151057562208049,1,1,False,False,True,False,False,False,False,True,False,True,False,False,True,0.5492266647061205
714,0,0.35913546117114853,0.018510168852370702,1,1,False,False,True,False,False,False,False,True,False,True,False,False,True,0.41184091414726853
643,0,0.01985423473234481,0.05445717323939373,6,0,False,True,False,False,False,False,False,True,True,False,False,False,True,0.21144800699654465
829,1,0.35913546117114853,0.015126992566498259,1,1,False,False,True,False,False,False,False,True,False,True,False,True,False,0.7375012481097484
261,0,0.35913546117114853,0.015126992566498259,1,1,False,False,True,False,False,False,False,True,False,True,False,True,False,0.6150072266991697
570,1,0.39683337521990447,0.015330377421392339,1,1,False,False,True,False,False,False,False,True,False,True,False,False,True,0.34825546702330035
198,0,0.5224930887157577,0.01640390592611157,2,0,False,False,True,False,False,False,False,True,False,True,False,False,True,0.8971102599525771
160,0,0.35913546117114853,0.13575255909676823,11,0,True,False,False,False,False,False,False,True,False,True,False,False,True,0.7282163486118596
314,0,0.3465694898215632,0.015411575213749284,1,1,False,False,True,False,False,False,False,True,False,True,False,False,True,0.9626484146779251
837,0,0.2586076903744659,0.016908073949327893,1,1,False,False,True,False,False,False,False,True,False,True,False,False,True,0.9148459010681
415,1,0.5476250314149284,0.015468569817999833,1,1,False,False,True,False,False,False,False,True,False,True,False,False,True,0.6318372121697993
444,1,0.3465694898215632,0.025374310111545468,1,1,False,True,False,False,False,False,True,False,True,False,False,False,True,0.3706421470668909
453,0,0.37170143252073384,0.05416439273810667,1,1,False,False,True,False,False,True,False,False,False,True,True,False,False,0.4242220092469763
657,0,0.35913546117114853,0.015411575213749284,1,1,False,False,True,False,False,False,False,True,False,True,False,False,True,0.28377590579872447
270,1,0.43453128926866047,0.2647385704347907,1,1,False,True,False,False,False,True,False,False,True,False,False,False,True,0.29359184426449336
818,0,0.38426740387031916,0.07222738817151159,3,0,False,False,True,False,False,False,True,False,False,True,True,False,False,0.39900270387013026
359,1,0.35913546117114853,0.01537917417160685,1,1,False,True,False,False,False,False,False,True,True,False,False,True,False,0.9402302414249576
832,1,0.005152048253329982,0.03659756266088288,3,0,True,False,False,False,False,False,True,False,False,True,False,False,True,0.4524395161326934
467,0,0.35913546117114853,0.0,1,1,False,False,True,False,False,False,True,False,False,True,False,False,True,0.28571208628186073
168,0,0.5601910027645137,0.05445717323939373,6,0,False,False,False,True,False,False,False,True,True,False,False,False,True,0.18651851039985423
627,0,0.7109826589595376,0.024105594605968193,1,1,False,False,False,False,True,False,True,False,False,True,False,True,False,0.4625347161331479
159,0,0.35913546117114853,0.016908073949327893,1,1,False,False,True,False,False,False,False,True,False,True,False,False,True,0.23763754399239967
661,1,0.6230208595124404,0.2608674266467732,3,0,False,False,False,False,True,True,False,False,False,True,False,False,True,0.35609672589784624
192,0,0.23347574767529528,0.025374310111545468,1,1,False,False,True,False,False,False,True,False,False,True,False,False,True,0.8972157579533268
189,0,0.4973611460165871,0.030253985132996517,3,0,False,False,True,False,False,False,False,True,False,True,False,True,False,0.5296505783560065
792,0,0.19577783362653933,0.050748620223090936,1,1,False,False,True,False,False,False,True,False,False,True,False,False,True,0.5862298320167972
618,0,0.32143754712239253,0.031425107138144774,2,0,False,False,False,True,False,False,False,True,True,False,False,False,True,0.2768776481472037
127,0,0.35913546117114853,0.015126992566498259,1,1,False,False,True,False,False,False,False,True,False,True,False,True,False,0.8180147659224931
724,0,0.6230208595124404,0.025374310111545468,1,1,False,False,True,False,False,False,True,False,False,True,False,False,True,0.741120649290059
239,0,0.23347574767529528,0.020494635090094415,1,1,False,False,True,False,False,False,True,False,False,True,False,False,True,0.6454722959071678
225,1,0.4722292033174164,0.17566830077223786,2,0,False,False,True,False,False,True,False,False,False,True,False,False,True,0.26520236768172545
142,1,0.2711736617240513,0.015126992566498259,1,1,False,True,False,False,False,False,False,True,True,False,False,False,True,0.25178229582536416
519,1,0.4470972606182458,0.050748620223090936,2,0,False,False,False,True,False,False,True,False,True,False,False,False,True,0.9872761293149445
177,0,0.35913546117114853,0.04970768794751499,5,0,True,False,False,False,False,False,False,True,False,True,False,False,True,0.690937738102466
426,0,0.35913546117114853,0.014151057562208049,1,1,False,False,True,False,False,False,False,True,False,True,False,False,True,0.5495288823237355
700,0,0.5224930887157577,0.014931805565640218,1,1,False,False,True,False,False,False,False,True,False,True,False,False,True,0.4811401018548175
748,1,0.37170143252073384,0.025374310111545468,1,1,False,True,False,False,False,False,True,False,True,False,False,False,True,0.5435528611139886
113,0,0.2711736617240513,0.015712553569072387,1,1,False,False,True,False,False,False,False,True,False,True,False,False,True,0.9296976523425731
642,1,0.2963056044232219,0.13526459159462315,1,1,False,True,False,False,False,True,False,False,True,False,True,False,False,0.3220791655831783
626,0,0.7612465443578789,0.06308600017332605,1,1,False,False,True,False,False,True,False,False,False,True,False,False,True,0.3689136395697724
725,1,0.33400351847197784,0.10364429745562033,2,0,False,False,True,False,False,True,False,False,False,True,False,False,True,0.5744731131799119
786,0,0.3088715757728072,0.014151057562208049,1,1,False,False,True,False,False,False,False,True,False,True,False,False,True,0.9084505613336283
318,0,0.6732847449107816,0.027326180120125887,1,1,False,False,False,False,True,False,True,False,False,True,False,False,True,0.17329432007084578
514,1,0.6732847449107816,0.11594107850967697,2,0,False,False,False,True,False,True,False,False,True,False,True,False,False,0.8660638895004084
859,1,0.2963056044232219,0.03758969818624431,4,0,False,False,False,True,False,False,False,True,True,False,True,False,False,0.5648411332626164
60,0,0.13294797687861273,0.09154270340242172,8,0,True,False,False,False,False,False,False,True,False,True,False,False,True,0.32533033076326434
686,0,0.3088715757728072,0.08115719346076702,4,0,False,False,True,False,False,False,True,False,False,True,True,False,False,0.5567628930139298
174,0,0.2586076903744659,0.015468569817999833,1,1,False,False,True,False,False,False,False,True,False,True,False,False,True,0.22649577519793795
527,1,0.6230208595124404,0.020494635090094415,1,1,False,True,False,False,False,False,True,False,True,False,False,False,True,0.4148195023376652
676,0,0.22090977632570996,0.015175789316712771,1,1,False,False,True,False,False,False,False,True,False,True,False,False,True,0.9823786169086064
320,1,0.4973611460165871,0.2625265161540666,3,0,False,False,False,True,False,True,False,False,True,False,True,False,False,0.25024289816459533
768,0,0.37798441819552653,0.015126992566498259,1,1,False,True,False,False,False,False,False,True,True,False,False,True,False,0.8767656367617495
827,0,0.35913546117114853,0.11027245763075773,1,1,False,False,True,False,False,False,False,True,False,True,False,False,True,0.34634599436596125
293,0,0.4470972606182458,0.025130326360472913,1,1,False,False,True,False,False,False,True,False,False,True,True,False,False,0.8226005606596583
259,1,0.43453128926866047,1.0,1,1,False,True,False,False,False,True,False,False,True,False,True,False,False,0.570061170089365
812,0,0.4847951746670017,0.04713766070721715,1,1,False,False,True,False,False,False,False,True,False,True,False,False,True,0.8388980864459341
585,0,0.35913546117114853,0.017005667449756914,1,1,False,False,True,False,False,False,False,True,False,True,True,False,False,0.6334008543167258
50,0,0.22090977632570996,0.034743286152731485,2,0,False,False,False,True,False,False,False,True,True,False,False,False,True,0.18485445552552704
451,0,0.4470972606182458,0.05416439273810667,4,0,False,False,True,False,False,False,True,False,False,True,False,False,True,0.7771469159274368
219,1,0.39683337521990447,0.14891148113361488,1,1,False,True,False,False,False,True,False,False,True,False,True,False,False,0.6496328990472147
105,0,0.4596632319678311,0.015468569817999833,3,0,False,False,True,False,False,False,False,True,False,True,False,False,True,0.907566473926093
501,0,0.20834380497612465,0.016908073949327893,1,1,False,False,True,False,False,False,False,True,False,True,False,False,True,0.6981617140197451
96,0,0.35913546117114853,0.015712553569072387,1,1,False,False,True,False,False,False,False,True,False,True,False,False,True,0.49379559636439074
227,1,0.23347574767529528,0.020494635090094415,1,1,False,False,True,False,False,False,True,False,False,True,False,False,True,0.9730105547524456
280,1,0.43453128926866047,0.03952536767375352,3,0,False,False,False,True,False,False,False,True,True,False,False,False,True,0.795792669436101
83,1,0.35913546117114853,0.015200187691820024,1,1,False,True,False,False,False,False,False,True,True,False,False,True,False,0.3308980248526492
446,1,0.04498617743151546,0.15977676072337862,3,0,True,False,False,False,False,True,False,False,False,True,False,False,True,0.9472485773838587
824,1,0.33400351847197784,0.024349578357040744,2,0,False,False,False,True,False,False,False,True,True,False,False,False,True,0.3981686935909433
163,0,0.32143754712239253,0.015175789316712771,1,1,False,False,True,False,False,False,False,True,False,True,False,False,True,0.6335297107608947
360,1,0.35913546117114853,0.01537917417160685,1,1,False,True,False,False,False,False,False,True,True,False,False,True,False,0.575474177875879
798,1,0.38426740387031916,0.016948672845506364,1,1,False,False,False,True,False,False,False,True,True,False,False,False,True,0.5651331835892089
637,0,0.39683337521990447,0.015468569817999833,1,1,False,False,True,False,False,False,False,True,False,True,False,False,True,0.5326172664550232
167,1,0.35913546117114853,0.10735285047192313,2,0,False,False,False,True,False,True,False,False,True,False,False,False,True,0.32078006497173583
329,1,0.38426740387031916,0.04006213192611313,3,0,False,False,False,True,False,False,False,True,True,False,False,False,True,0.4196000624277899
65,0,0.35913546117114853,0.05410739813385612,1,1,False,False,True,False,False,True,False,False,False,True,True,False,False,0.28093450968738076
376,1,0.35913546117114853,0.16038672010106,2,0,False,False,False,True,False,True,False,False,True,False,True,False,False,0.3189756302937613
554,1,0.2711736617240513,0.014102260811993537,1,1,False,False,True,False,False,False,False,True,False,True,True,False,False,0.5609379715353863
659,0,0.2837396330736366,0.025374310111545468,1,1,False,False,True,False,False,False,True,False,False,True,False,False,True,0.6459172413316012
72,0,0.19577783362653933,0.09154270340242172,8,0,False,True,False,False,False,False,False,True,True,False,False,False,True,0.1987156815341724
52,0,0.2586076903744659,0.01522458606692728,1,1,False,False,True,False,False,False,False,True,False,True,False,False,True,0.7751328233611146
580,1,0.39683337521990447,0.015468569817999833,1,1,False,False,True,False,False,False,False,True,False,True,False,False,True,0.25824438829895835
596,0,0.4470972606182458,0.04713766070721715,3,0,False,False,True,False,False,False,False,True,False,True,False,False,True,0.47396164026287235
561,0,0.35913546117114853,0.015126992566498259,1,1,False,False,True,False,False,False,False,True,False,True,False,True,False,0.7040797680992236
164,0,0.20834380497612465,0.016908073949327893,1,1,False,False,True,False,False,False,False,True,False,True,False,False,True,0.5357746840747585
409,0,0.2586076903744659,0.015175789316712771,1,1,False,False,True,False,False,False,False,True,False,True,False,False,True,0.9053819764192637
489,0,0.37170143252073384,0.015712553569072387,1,1,False,False,True,False,False,False,False,True,False,True,False,False,True,0.9504114840765587
331,1,0.35913546117114853,0.04538097769949478,3,0,False,True,False,False,False,False,False,True,True,False,False,True,False,0.3559726786512616
315,0,0.5350590600653431,0.05123658772523604,3,0,False,False,True,False,False,False,True,False,False,True,False,False,True,0.8359801205122058
689,0,0.22090977632570996,0.015216388212891242,1,1,False,False,True,False,False,False,False,True,False,True,False,False,True,0.7694929331919369
524,1,0.5476250314149284,0.11316786160148591,2,0,False,False,False,True,False,True,False,False,True,False,True,False,False,0.8421189231357087
788,0,0.09525006282985675,0.056848213999904744,6,0,True,False,False,False,False,False,False,True,False,True,False,True,False,0.4008514167636399
128,1,0.2963056044232219,0.01393967004027879,1,1,False,False,True,False,False,False,False,True,False,True,False,False,True,0.8607305832563434
294,0,0.2963056044232219,0.01727404957593672,1,1,False,True,False,False,False,False,False,True,True,False,False,False,True,0.3601906414112629
759,0,0.42196531791907516,0.015712553569072387,1,1,False,False,True,False,False,False,False,True,False,True,False,False,True,0.8938925830509576
181,0,0.35913546117114853,0.13575255909676823,11,0,False,True,False,False,False,False,False,True,True,False,False,False,True,0.3410663510502585
185,1,0.04498617743151546,0.04298993693898376,3,0,False,True,False,False,False,False,False,True,True,False,False,False,True,0.2579416277151556
271,0,0.35913546117114853,0.060507970265993034,1,1,False,False,True,False,False,True,False,False,False,True,False,False,True,0.8093611554785136
464,0,0.5978889168132696,0.025374310111545468,1,1,False,False,True,False,False,False,True,False,False,True,False,False,True,0.5833687650971596
670,1,0.35913546117114853,0.10149724044618187,2,0,False,False,False,True,False,True,False,False,True,False,False,False,True,0.2850951686938471
61,0,0.2711736617240513,0.014110458666029575,1,1,False,False,True,False,False,False,False,True,False,True,True,False,False,0.388677289689482
316,1,0.32143754712239253,0.015330377421392339,1,1,False,True,False,False,False,False,False,True,True,False,False,False,True,0.695974206093698
58,0,0.35285247549635584,0.014110458666029575,1,1,False,False,True,False,False,False,False,True,False,True,True,False,False,0.1959828624191452
367,1,0.7486805730082935,0.14687821814567664,2,0,False,False,False,True,False,True,False,False,True,False,True,False,False,0.9611905638239142
503,0,0.35913546117114853,0.014891206669461744,1,1,False,True,False,False,False,False,False,True,True,False,False,True,False,0.30952761628632774
244,0,0.2711736617240513,0.013907073811135496,1,1,False,False,True,False,False,False,False,True,False,True,False,False,True,0.3701587002554444
482,0,0.35913546117114853,0.0,1,1,False,False,True,False,False,False,True,False,False,True,False,False,True,0.6957486889846172
476,0,0.35913546117114853,0.10149724044618187,1,1,False,False,True,False,False,True,False,False,False,True,False,False,True,0.9929647961193003
139,0,0.19577783362653933,0.01798980030808316,1,1,False,False,True,False,False,False,False,True,False,True,False,False,True,0.363629602379294
